수출입 통계,,,,,,,,,,,,,,,,,,,,,,,,,,,,,,,,,,,,,,,,,,,,,,,,,,,,
순위,수입국,수입액(천$),수출액(천$),무역수지(천$),상대국의 한국수입신고금(천$),對한국수입비중,수입 연평균증가율(최근6년),수입 연평균증가율(최근3년),수입 점유율(세계시장),한국의 상대국수출신고금(천$),수입국1,수입국2,수입국3,수입국4,수입국5,수입국6,수입국7,수입국8,수입국9,수입국10,수입국11,수입국12,수입국13,수입국14,수입국15,수입국16,수입국17,수입국18,수입국19,수입국20,수입국21,수입국22,수입국23,수입국24,수입국25,수입국26,수입국27,수입국28,수입국29,수입국30,2022 - 수입금액(천$),2022 - 수입 증가율(%),2022 - 수출액(천$),2022 - 수출 증가율(%),2021 - 수입금액(천$),2021 - 수입 증가율(%),2021 - 수출액(천$),2021 - 수출 증가율(%),2020 - 수입금액(천$),2020 - 수입 증가율(%),2020 - 수출액(천$),2020 - 수출 증가율(%)
전체,-,"19,839,611
","18,936,335
",,,,,,,,,,,,,,,,,,,,,,,,,,,,,,,,,,,,,,,,,,,,,,,,,
1,멕시코,"1,394,896","1,439,065","44,169","142,950",10.2,-0.5,11.3,7.0,"142,950","중국(457,318)","미국(226,979)","일본(143,361)","한국(142,950)","독일(74,749)","캐나다(40,994)","베트남(37,787)","말레이시아(22,566)","프랑스(16,150)","태국(11,782)","필리핀(9,494)","인도네시아(8,934)","오스트리아(8,804)","스위스(6,617)","홍콩(5,997)","헝가리(5,588)","스페인(3,746)","폴란드(2,601)","인도(1,153)",튀르키예(919),슬로베니아(594),체코(494),영국(485),루마니아(338),세르비아(315),스웨덴(304),덴마크(192),브라질(190),네덜란드(107),슬로바키아(68),"1,394,896",15.8,"1,439,065",18.5,"1,204,845",7.1,"1,214,596",5.8,"1,125,106",-51.4,"1,148,172",-17.9
2,중국,"1,287,153","5,363,996","4,076,843","74,955",5.8,12.8,15.7,6.5,"74,955","일본(403,551)","독일(144,695)","한국(74,955)","스위스(62,148)","싱가포르(42,458)","미국(42,158)","베트남(34,785)","중국(28,988)","헝가리(20,664)","프랑스(13,413)","필리핀(12,123)","멕시코(10,109)","폴란드(8,493)","인도네시아(6,613)","덴마크(6,082)","루마니아(4,207)","영국(4,027)","체코(3,241)","이스라엘(2,919)","네덜란드(2,762)","인도(2,707)","스웨덴(2,335)","오스트리아(1,647)","슬로바키아(1,622)","캐나다(1,500)","태국(1,420)","세르비아(1,248)","말레이시아(1,084)",홍콩(896),스페인(892),"1,287,153",15.6,"5,363,996",46.0,"1,113,694",15.7,"3,675,073",32.3,"962,220",7.9,"2,777,222",2.0
3,미국,"3,105,869","963,740","-2,142,129","172,684",5.6,5.8,20.2,15.7,"172,684","멕시코(926,851)","중국(465,056)","일본(449,946)","한국(172,684)","독일(109,053)","캐나다(65,922)","베트남(56,545)","스위스(47,697)","이탈리아(42,456)","프랑스(42,103)","덴마크(36,877)","영국(27,451)","인도네시아(21,670)","인도(20,811)","세르비아(14,902)","말레이시아(14,774)","태국(13,798)","폴란드(13,353)","스페인(13,034)","슬로바키아(11,205)","헝가리(8,962)","스웨덴(8,256)","필리핀(7,945)","오스트리아(6,433)","체코(5,068)","슬로베니아(3,716)","네덜란드(3,500)","루마니아(3,015)","이스라엘(2,503)","모로코(1,972)","3,105,869",15.6,"963,740",23.0,"2,687,224",25.0,"783,373",-3.0,"2,150,548",-2.1,"807,497",0.5
4,독일,"1,861,152","1,845,392","-15,760","4,438",0.2,5.2,10.3,9.4,"4,438","헝가리(565,691)","중국(396,648)","스위스(158,889)","세르비아(86,992)","폴란드(81,150)","루마니아(68,804)","일본(53,724)","미국(50,493)","네덜란드(48,211)","이탈리아(38,787)","체코(30,869)","덴마크(28,587)","슬로바키아(28,580)","프랑스(27,184)","오스트리아(19,103)","태국(15,875)","인도(13,356)","슬로베니아(12,047)","영국(11,187)","멕시코(7,906)","말레이시아(6,928)","스웨덴(6,525)","스페인(5,386)","필리핀(4,457)","한국(4,438)","포르투갈(4,081)","베트남(3,818)","캐나다(3,116)","불가리아(2,069)","튀르키예(1,960)","1,861,152",0.4,"1,845,392",1.5,"1,852,942",21.0,"1,818,812",13.9,"1,530,912",11.0,"1,596,892",-3.2
5,슬로바키아,"435,583","144,793","-290,789","8,197",1.9,30.2,20.4,2.2,"8,197","헝가리(179,007)","독일(147,169)","중국(24,964)","폴란드(24,781)","프랑스(8,468)","한국(8,197)","체코(6,580)","일본(4,961)","루마니아(1,932)",필리핀(637),네덜란드(610),영국(547),오스트리아(483),기타국(314),덴마크(280),미국(272),포르투갈(141),스위스(121),슬로바키아(107),인도(59),스페인(46),스웨덴(45),벨기에(18),모로코(12),멕시코(7),말레이시아(5),세르비아(4),아일랜드(3),슬로베니아(2),불가리아(2),"435,583",-9.1,"144,793",-3.6,"479,388",59.6,"150,157",10.2,"300,306",78.6,"136,272",22.8
6,오스트리아,"298,297","112,511","-185,787","1,122",0.4,7.7,-0.3,1.5,"1,122","독일(163,775)","중국(88,312)","멕시코(7,878)","베트남(4,231)","체코(4,103)","스위스(3,072)","미국(2,850)","덴마크(2,811)","슬로베니아(2,659)","폴란드(2,239)","헝가리(1,690)","스웨덴(1,179)","네덜란드(1,150)","한국(1,122)",일본(694),벨기에(514),인도(489),영국(477),프랑스(427),핀란드(408),스페인(388),루마니아(260),포르투갈(197),슬로바키아(155),크로아티아(148),이스라엘(93),보스니아 헤르체고비나(93),튀르키예(79),불가리아(40),노르웨이(16),"298,297",-23.0,"112,511",22.6,"387,490",29.2,"91,750",40.8,"299,907",16.5,"65,181",-21.3
7,베트남,"329,095","232,888","-96,207",-,-,55.2,32.5,1.7,-,"중국(170,733)","독일(68,006)","필리핀(11,291)","일본(2,561)","홍콩(2,232)","노르웨이(1,067)",미국(729),덴마크(552),싱가포르(523),헝가리(343),스페인(321),프랑스(280),영국(146),체코(66),네덜란드(52),스위스(44),스웨덴(25),오스트리아(16),인도(13),벨기에(5),루마니아(4),튀르키예(1),캐나다(1),-,-,-,-,-,-,-,"329,095",1.6,"232,888",33.4,"323,860",72.9,"174,538",78.5,"187,359",106.7,"97,760",6.3
8,일본,"621,076","1,308,852","687,776","6,120",1.0,11.6,25.7,3.1,"6,120","중국(278,411)","태국(61,220)","미국(24,870)","베트남(24,588)","필리핀(17,788)","캐나다(15,205)","독일(13,336)","인도네시아(11,075)","덴마크(6,185)","한국(6,120)","스위스(5,040)","헝가리(3,388)","영국(2,221)","말레이시아(2,035)","프랑스(1,834)","스페인(1,467)","인도(1,437)","네덜란드(1,021)",이탈리아(991),불가리아(640),폴란드(526),멕시코(471),슬로바키아(471),스웨덴(390),체코(221),이스라엘(220),싱가포르(216),슬로베니아(154),루마니아(66),벨기에(57),"621,076",30.3,"1,308,852",26.1,"476,615",21.2,"1,037,835",28.3,"393,349",-9.1,"809,073",0.7
9,폴란드,"517,711","266,985","-250,727","8,382",1.6,10.2,35.5,2.6,"8,382","독일(111,528)","중국(107,767)","이탈리아(71,116)","슬로베니아(29,373)","루마니아(19,514)","슬로바키아(15,399)","헝가리(10,291)","미국(10,028)","한국(8,382)","프랑스(7,575)","스웨덴(4,770)","스위스(3,013)","덴마크(2,793)","일본(2,382)","멕시코(2,313)","오스트리아(1,675)","체코(1,544)","네덜란드(1,341)","필리핀(1,194)","스페인(1,106)","불가리아(1,049)",베트남(973),영국(524),벨기에(296),태국(175),러시아연방(146),말레이시아(128),홍콩(102),튀르키예(98),아일랜드(79),"517,711",27.5,"266,985",-0.7,"405,962",44.0,"268,740",13.9,"281,886",-12.1,"236,023",-15.2
10,체코,"436,163","149,882","-286,281","13,466",3.1,11.0,11.2,2.2,"13,466","중국(121,274)","독일(86,372)","일본(66,797)","헝가리(43,252)","한국(13,466)","세르비아(13,087)","태국(11,673)","루마니아(9,219)","스위스(7,855)","이탈리아(7,786)","오스트리아(7,594)","미국(4,916)","프랑스(4,302)","슬로바키아(3,870)","덴마크(3,401)","슬로베니아(2,936)","홍콩(2,883)","폴란드(2,512)","인도(2,377)","이스라엘(1,335)","멕시코(1,309)","스페인(1,071)","스웨덴(1,067)",네덜란드(848),튀르키예(637),인도네시아(586),영국(539),베트남(514),필리핀(350),벨기에(145),"436,163",6.9,"149,882",-10.8,"407,924",15.7,"167,997",32.1,"352,678",2.3,"127,129",-26.5
11,이탈리아,"153,859","240,140","86,280",-,-,-4.9,-20.1,0.8,-,"독일(75,805)","세르비아(24,102)","스위스(10,248)","폴란드(9,717)","덴마크(7,816)","미국(6,853)","스웨덴(4,887)","일본(4,274)","홍콩(3,902)","네덜란드(2,002)","영국(1,599)","스페인(1,473)","체코(1,017)",캐나다(164),-,-,-,-,-,-,-,-,-,-,-,-,-,-,-,-,"153,859",-47.6,"240,140",-9.9,"293,614",21.7,"266,588",85.8,"241,245",-5.0,"143,458",2.4
12,캐나다,"271,791","137,998","-133,793","3,956",1.5,2.4,16.0,1.4,"3,956","미국(86,101)","중국(48,542)","멕시코(36,739)","독일(16,081)","인도(6,114)","보스니아 헤르체고비나(5,203)","덴마크(4,928)","한국(3,956)","이탈리아(3,361)","일본(3,177)","스위스(3,126)","캐나다(2,770)","슬로베니아(2,110)","프랑스(1,234)","몬테네그로(1,164)","오스트리아(1,064)","폴란드(1,060)",영국(990),베트남(851),스페인(772),체코(739),네덜란드(620),스웨덴(522),헝가리(429),불가리아(360),태국(339),필리핀(295),슬로바키아(256),모로코(205),말레이시아(135),"271,791",27.0,"137,998",42.5,"214,003",6.0,"96,811",60.0,"201,931",-11.7,"60,494",4.9
13,스페인,"222,353","37,839","-184,514","2,119",1.0,11.4,28.7,1.1,"2,119","중국(46,607)","프랑스(36,402)","독일(19,656)","슬로바키아(15,407)","일본(15,157)","헝가리(13,008)","모로코(12,562)","이탈리아(9,756)","덴마크(8,953)","체코(7,505)","폴란드(5,506)","루마니아(2,981)","포르투갈(2,334)","베트남(2,124)","한국(2,119)","네덜란드(2,103)","미국(1,741)","영국(1,313)","슬로베니아(1,007)",말레이시아(831),벨기에(628),스위스(563),오스트리아(477),캐나다(347),튀르키예(192),세르비아(180),노르웨이(164),스웨덴(126),아일랜드(101),멕시코(100),"222,353",29.8,"37,839",-1.8,"171,335",27.7,"38,546",-1.8,"134,162",-4.8,"39,261",-59.2
14,말레이시아,"255,472","59,869","-195,603",-,-,-6.8,14.1,1.3,-,"싱가포르(89,400)","중국(78,766)","필리핀(48,717)","미국(8,552)","일본(7,904)","독일(5,376)","홍콩(3,138)","스위스(2,032)",노르웨이(649),네덜란드(502),스페인(490),벨기에(482),영국(445),체코(306),스웨덴(287),덴마크(185),캐나다(101),프랑스(68),인도(63),슬로바키아(40),오스트리아(25),튀르키예(5),슬로베니아(1),폴란드(0),-,-,-,-,-,-,"255,472",36.6,"59,869",175.3,"187,059",-4.7,"21,744",105.7,"196,326",6.0,"10,571",-30.0
15,태국,"257,157","160,182","-96,976",-,-,-7.1,-6.7,1.3,-,"중국(184,197)","일본(34,054)","독일(10,237)","필리핀(3,651)","미국(3,032)","네덜란드(2,442)","홍콩(2,313)","싱가포르(1,705)",인도(476),세르비아(312),스위스(295),영국(253),덴마크(237),캐나다(82),체코(68),폴란드(64),스웨덴(55),프랑스(34),벨기에(30),오스트리아(28),스페인(12),루마니아(11),튀르키예(5),-,-,-,-,-,-,-,"257,157",8.9,"160,182",36.0,"236,145",-20.1,"117,748",90.7,"295,707",2.7,"61,753",48.6
16,네덜란드,"381,635","127,257","-254,378","1,798",0.5,31.2,57.6,1.9,"1,798","독일(170,518)","중국(112,441)","일본(18,657)","미국(15,489)","덴마크(10,796)","헝가리(7,000)","이탈리아(4,481)","프랑스(3,682)","벨기에(3,253)","홍콩(2,808)","한국(1,798)","스페인(1,752)","필리핀(1,661)","폴란드(1,548)","영국(1,479)","베트남(1,370)","싱가포르(1,308)","스위스(1,256)",리투아니아(672),튀르키예(545),스웨덴(534),핀란드(496),불가리아(493),노르웨이(440),체코(433),오스트리아(358),세르비아(352),포르투갈(304),태국(250),슬로베니아(234),"381,635",48.2,"127,257",40.6,"257,516",67.7,"90,500",29.8,"153,598",24.6,"69,709",42.2
17,헝가리,"251,898","1,324,354","1,072,456","1,270",0.5,4.8,7.1,1.3,"1,270","독일(87,879)","중국(43,933)","일본(34,748)","슬로바키아(17,031)","세르비아(16,987)","네덜란드(14,706)","폴란드(9,940)","홍콩(5,590)","체코(4,810)","오스트리아(1,491)","슬로베니아(1,351)","한국(1,270)",스위스(754),미국(523),영국(399),루마니아(302),크로아티아(290),싱가포르(199),프랑스(146),벨기에(126),스웨덴(74),멕시코(60),포르투갈(57),필리핀(47),그리스(40),몰타(38),핀란드(26),리투아니아(23),튀르키예(22),캐나다(16),"251,898",-3.8,"1,324,354",5.3,"261,828",19.2,"1,257,142",43.3,"219,626",-9.0,"877,320",25.4
18,프랑스,"367,850","155,810","-212,040","1,956",0.5,2.0,8.6,1.9,"1,956","중국(102,264)","독일(99,699)","일본(18,532)","모로코(18,168)","덴마크(16,307)","미국(13,142)","세르비아(10,261)","스페인(8,201)","벨기에(7,958)","인도(6,866)","헝가리(5,313)","베트남(5,084)","스위스(4,684)","네덜란드(4,525)","슬로바키아(3,348)","영국(2,724)","튀르키예(2,700)","불가리아(2,031)","멕시코(1,967)","한국(1,956)","체코(1,719)","스웨덴(1,252)","폴란드(1,090)","필리핀(1,007)",오스트리아(960),슬로베니아(701),포르투갈(527),이스라엘(511),크로아티아(424),싱가포르(216),"367,850",11.0,"155,810",37.2,"331,400",6.2,"113,571",-13.7,"312,156",-14.3,"131,587",1.6
19,튀르키예,"254,620","28,964","-225,656","6,172",2.4,21.4,35.6,1.3,"6,172","중국(64,597)","슬로바키아(26,415)","일본(17,914)","독일(11,757)","이탈리아(9,032)","한국(6,172)","폴란드(5,675)","미국(4,754)","스페인(3,635)","루마니아(3,019)","프랑스(2,703)","멕시코(2,496)","덴마크(2,102)","헝가리(1,312)","태국(1,268)","필리핀(1,058)",인도(987),노르웨이(889),스위스(840),세르비아(417),영국(366),스웨덴(342),슬로베니아(288),체코(269),튀니지(240),네덜란드(228),모로코(138),브라질(129),캐나다(119),오스트리아(115),"254,620",55.8,"28,964",149.0,"163,461",18.0,"11,631",61.5,"138,480",23.9,"7,202",-0.1
20,브라질,"297,786","15,352","-282,434","10,366",3.5,17.0,45.4,1.5,"10,366","중국(68,196)","일본(46,348)","멕시코(26,325)","독일(20,771)","미국(20,471)","폴란드(11,206)","한국(10,366)","이탈리아(9,193)","스페인(5,991)","인도네시아(3,781)","체코(3,391)","인도(2,504)","프랑스(1,704)","아르헨티나(1,521)","덴마크(1,310)","스웨덴(1,298)","태국(1,167)",홍콩(898),스위스(728),영국(665),슬로바키아(454),브라질(364),루마니아(340),네덜란드(226),모로코(210),칠레(193),오스트리아(153),필리핀(150),싱가포르(148),헝가리(116),"297,786",43.5,"15,352",34.1,"207,561",47.4,"11,449",17.1,"140,788",-19.5,"9,781",-57.3
21,영국,"358,632","104,999","-253,633","2,761",0.8,18.2,47.7,1.8,"2,761","중국(42,843)","독일(30,808)","미국(26,362)","스위스(25,831)","스페인(17,700)","프랑스(11,436)","일본(8,158)","덴마크(5,343)","슬로바키아(5,043)","영국(4,943)","멕시코(4,910)","폴란드(4,638)","이탈리아(4,557)","헝가리(4,426)","스웨덴(3,560)","체코(3,540)","필리핀(2,911)","한국(2,761)","튀니지(2,379)","캐나다(1,951)","슬로베니아(1,596)","베트남(1,590)","인도(1,482)","홍콩(1,014)",불가리아(804),오스트리아(779),세르비아(682),루마니아(656),태국(635),네덜란드(483),"358,632",92.5,"104,999",30.2,"186,300",13.3,"80,651",29.5,"164,448",-23.9,"62,261",-25.0
22,홍콩,"90,809","110,435","19,626",496,0.5,-16.2,-1.7,0.5,496,"중국(62,748)","태국(7,227)","베트남(4,199)","미국(1,882)",일본(956),독일(818),필리핀(790),오스트리아(635),스위스(535),한국(496),네덜란드(369),덴마크(223),이탈리아(142),싱가포르(123),프랑스(100),말레이시아(94),영국(82),카타르(63),체코(58),라트비아(46),튀르키예(36),스웨덴(33),폴란드(23),벨기에(16),캐나다(13),이스라엘(11),세르비아(2),호주(1),인도(1),스페인(1),"90,809",-42.0,"110,435",-33.5,"156,460",66.4,"166,077",40.9,"94,034",-27.2,"117,858",-12.5
23,인도,"303,437","59,326","-244,111","16,623",5.5,14.8,50.1,1.5,"16,623","중국(144,952)","일본(20,118)","한국(16,623)","독일(14,731)","인도네시아(11,299)","홍콩(6,435)","필리핀(5,626)","태국(5,147)","베트남(4,368)","미국(4,331)","스위스(3,585)","싱가포르(3,450)","네덜란드(3,170)","슬로바키아(2,720)","프랑스(2,166)","이스라엘(1,618)","벨기에(1,542)","체코(1,257)","덴마크(1,144)",오스트리아(966),영국(900),스웨덴(501),스페인(393),튀르키예(290),말레이시아(284),세르비아(271),헝가리(194),폴란드(171),키프로스(149),멕시코(138),"303,437",44.8,"59,326",98.5,"209,588",55.5,"29,888",9.4,"134,764",-30.6,"27,317",-33.5
24,호주,"119,312","11,018","-108,294","1,614",1.4,10.0,17.1,0.6,"1,614","중국(38,121)","미국(14,046)","태국(5,777)","독일(5,722)","이탈리아(5,365)","덴마크(4,169)","남아프리카공화국(3,349)","영국(2,762)","일본(2,463)","프랑스(2,141)","스위스(1,889)","한국(1,614)","스페인(1,377)","멕시코(1,166)",스웨덴(894),아랍에미리트(692),폴란드(620),오스트리아(618),체코(447),베트남(420),네덜란드(396),캐나다(378),말레이시아(375),뉴질랜드(288),싱가포르(228),벨기에(223),슬로바키아(222),노르웨이(166),헝가리(166),인도(121),"119,312",13.6,"11,018",86.6,"104,984",20.6,"5,906",42.8,"87,022",-8.9,"4,137",-26.6
25,스위스,"231,465","391,328","159,863","5,176",2.2,22.6,42.3,1.2,"5,176","독일(42,138)","중국(40,178)","일본(27,077)","헝가리(10,136)","미국(8,684)","이탈리아(5,742)","한국(5,176)","프랑스(1,743)","포르투갈(1,707)","인도(1,650)","덴마크(1,354)","세르비아(1,237)","슬로베니아(1,096)","체코(1,002)",폴란드(844),슬로바키아(837),오스트리아(786),네덜란드(686),스웨덴(659),스페인(387),벨기에(237),영국(212),홍콩(206),오만(151),이스라엘(151),루마니아(137),멕시코(128),불가리아(116),모로코(108),말레이시아(103),"231,465",62.6,"391,328",89.2,"142,376",24.6,"206,850",18.2,"114,280",1.9,"174,979",-5.9
26,루마니아,"73,697","39,548","-34,149",11,0.0,2.9,-6.4,0.4,11,"중국(28,760)","독일(18,908)","슬로베니아(6,062)","폴란드(4,933)","헝가리(3,238)","세르비아(2,951)","오스트리아(1,467)","튀르키예(1,119)",네덜란드(857),벨기에(607),스위스(553),홍콩(359),영국(299),미국(233),인도(225),프랑스(133),체코(129),일본(82),덴마크(69),불가리아(66),스웨덴(37),슬로바키아(36),포르투갈(32),필리핀(31),멕시코(17),그리스(15),한국(11),스페인(11),우크라이나(9),캐나다(8),"73,697",-15.2,"39,548",-10.2,"86,887",3.2,"44,027",-16.9,"84,163",5.0,"53,012",91.2
27,스웨덴,"89,227","79,087","-10,140","1,016",1.1,10.1,5.0,0.4,"1,016","중국(23,163)","슬로바키아(19,901)","독일(14,814)","미국(5,504)","폴란드(4,026)","덴마크(3,322)","벨기에(2,323)","리투아니아(2,047)","필리핀(1,618)","일본(1,299)","네덜란드(1,176)","한국(1,016)",영국(988),이탈리아(875),멕시코(550),체코(535),슬로베니아(490),노르웨이(444),스위스(412),세르비아(409),프랑스(292),스페인(249),오스트리아(242),헝가리(198),인도(182),루마니아(159),불가리아(144),캐나다(28),홍콩(25),아일랜드(24),"89,227",5.2,"79,087",-3.7,"84,795",4.8,"82,140",2.7,"80,910",-29.4,"80,010",-1.9
28,포르투갈,"89,168","5,349","-83,819",1,0.0,17.4,11.3,0.4,1,"독일(30,760)","중국(23,623)","프랑스(16,931)","체코(4,081)","네덜란드(3,270)","일본(2,785)","스페인(1,860)","루마니아(1,695)",이탈리아(658),세르비아(606),슬로바키아(422),헝가리(285),필리핀(272),미국(222),벨기에(221),멕시코(124),폴란드(63),영국(38),스웨덴(34),덴마크(27),스위스(22),오스트리아(16),노르웨이(9),말레이시아(7),캐나다(4),튀르키예(4),싱가포르(3),브라질(3),슬로베니아(3),지브롤터(2),"89,168",11.3,"5,349",-24.4,"80,122",11.4,"7,072",38.6,"71,949",-12.1,"5,102",5.3
29,리투아니아,"36,792","4,452","-32,340",0,0.0,41.5,61.3,0.2,0,"중국(9,606)","독일(6,750)","네덜란드(5,711)","필리핀(5,144)","싱가포르(1,121)",인도(784),일본(783),스웨덴(478),핀란드(469),이탈리아(426),폴란드(375),루마니아(369),프랑스(336),미국(309),벨기에(177),멕시코(153),에스토니아(118),라트비아(104),체코(60),오스트리아(58),덴마크(48),스위스(28),크로아티아(26),헝가리(15),포르투갈(15),슬로베니아(14),튀르키예(13),영국(12),노르웨이(11),스페인(10),"36,792",10.2,"4,452",24.8,"33,384",136.1,"3,567",29.5,"14,141",49.0,"2,755",46.8
30,싱가포르,"87,449","157,000","69,551","2,371",2.7,15.6,29.2,0.4,"2,371","필리핀(20,471)","미국(13,758)","중국(9,684)","독일(9,096)","일본(5,299)","프랑스(2,407)","한국(2,371)","스위스(2,101)","말레이시아(1,830)","영국(1,660)",노르웨이(881),멕시코(704),네덜란드(687),스페인(245),덴마크(221),인도(151),인도네시아(130),슬로바키아(117),캐나다(110),이스라엘(103),호주(103),헝가리(98),체코(97),스웨덴(95),마카오(94),벨기에(92),폴란드(88),홍콩(83),오스트리아(83),태국(75),"87,449",85.3,"157,000",172.2,"47,198",-9.9,"57,676",-43.8,"52,355",-9.9,"102,561",-33.0
31,슬로베니아,"36,138","101,609","65,471",33,0.1,3.8,19.4,0.2,33,"중국(15,920)","보스니아 헤르체고비나(6,734)","독일(6,062)","슬로바키아(2,578)","오스트리아(1,006)",스위스(333),덴마크(307),헝가리(283),프랑스(232),슬로베니아(220),스웨덴(201),미국(119),일본(101),체코(95),크로아티아(88),영국(73),폴란드(67),벨라루스(51),스페인(44),튀르키예(43),네덜란드(42),루마니아(34),한국(33),세르비아(25),필리핀(23),벨기에(17),노르웨이(16),멕시코(12),호주(11),아일랜드(8),"36,138",2.5,"101,609",1.8,"35,256",39.1,"99,764",28.0,"25,354",-14.8,"77,939",9.7
32,쿠웨이트,"2,101",69,"-2,032",-,-,-2.0,-11.6,0.0,-,중국(618),일본(394),미국(363),독일(229),네덜란드(48),스위스(40),프랑스(17),인도(13),튀르키예(11),캐나다(4),체코(3),싱가포르(2),폴란드(2),스웨덴(1),오스트리아(1),벨기에(1),헝가리(0),-,-,-,-,-,-,-,-,-,-,-,-,-,"2,101",43.8,69,"5,042.5","1,460",-45.7,1,-98.2,"2,689",51.9,76,-70.3
33,러시아연방,"77,184",522,"-76,662",-,-,-3.7,-19.4,0.4,-,"중국(34,628)","독일(8,388)","체코(2,994)","튀르키예(2,266)","폴란드(1,351)","슬로바키아(1,240)",스위스(617),덴마크(616),프랑스(361),오스트리아(299),미국(258),네덜란드(149),일본(143),스페인(125),스웨덴(86),벨기에(79),헝가리(79),영국(48),-,인도(35),세르비아(28),슬로베니아(18),노르웨이(10),루마니아(6),캐나다(1),싱가포르(0),-,-,-,-,"77,184",-12.0,522,46.2,"87,719",-26.1,357,-94.8,"118,765",13.5,"6,842",-9.1
34,벨기에,"93,369","22,183","-71,186",696,0.7,12.8,9.0,0.5,696,"독일(23,004)","슬로바키아(14,242)","중국(13,654)","체코(8,778)","스웨덴(6,979)","네덜란드(5,415)","헝가리(3,564)","멕시코(3,002)","프랑스(2,414)","덴마크(1,975)","일본(1,533)","루마니아(1,234)","미국(1,025)",스위스(987),필리핀(956),한국(696),영국(458),스페인(407),태국(309),폴란드(226),오스트리아(210),인도(101),아일랜드(86),불가리아(63),튀르키예(60),핀란드(48),말레이시아(33),룩셈부르크(22),포르투갈(22),캐나다(20),"93,369",19.0,"22,183",18.4,"78,436",-0.2,"18,738",17.4,"78,565",-14.5,"15,965",2.6
35,불가리아,"126,220","5,962","-120,258",2,0.0,58.4,46.7,0.6,2,"헝가리(51,644)","중국(32,290)","일본(31,521)","독일(3,148)","필리핀(2,707)",네덜란드(665),미국(665),스위스(330),체코(218),덴마크(190),홍콩(136),슬로베니아(122),그리스(112),루마니아(105),벨기에(95),오스트리아(89),싱가포르(81),프랑스(74),폴란드(61),스페인(59),튀르키예(35),말레이시아(35),스웨덴(34),기타국(29),영국(16),슬로바키아(16),룩셈부르크(8),우크라이나(5),한국(2),노르웨이(1),"126,220",35.6,"5,962",-42.4,"93,075",58.6,"10,359",654.9,"58,670",20.8,"1,372",-11.7
36,쿠바,421,0,-420,-,-,7.2,80.5,0.0,-,멕시코(91),네덜란드(60),스페인(52),캐나다(39),독일(17),미국(8),중국(5),벨기에(0),-,-,-,-,-,-,-,-,-,-,-,-,-,-,-,-,-,-,-,-,-,-,421,329.8,0,-,98,-24.2,-,-,129,-44.4,-,-
37,베네수엘라,363,0,-363,-,-,-18.1,-63.4,0.0,-,중국(228),미국(49),독일(19),일본(12),스페인(8),스위스(6),폴란드(0),슬로바키아(0),-,-,-,-,-,-,-,-,-,-,-,-,-,-,-,-,-,-,-,-,-,-,363,-4.6,0,-15.3,381,-85.9,0,-99.5,"2,710",-7.8,55,"42,348.8"
38,덴마크,"126,827","196,338","69,511",140,0.1,26.8,44.6,0.6,140,"슬로바키아(34,177)","이탈리아(22,204)","중국(14,275)","스웨덴(7,905)","루마니아(7,651)","독일(6,824)","미국(1,804)","폴란드(1,717)","일본(1,096)","프랑스(1,053)",영국(847),네덜란드(780),노르웨이(731),태국(726),벨기에(387),스위스(235),멕시코(218),체코(201),불가리아(200),스페인(144),한국(140),아이슬란드(77),브라질(44),리투아니아(29),오스트리아(27),헝가리(18),그린란드(15),인도(12),캐나다(6),튀르키예(6),"126,827",76.8,"196,338",11.0,"71,742",18.4,"176,935",15.7,"60,615",19.0,"152,935",7.7
39,인도네시아,"61,078","78,513","17,435",-,-,9.7,35.2,0.3,-,"중국(34,399)","일본(13,497)","싱가포르(6,880)","필리핀(2,455)",독일(635),미국(622),캐나다(561),덴마크(250),인도(79),영국(76),체코(59),홍콩(48),네덜란드(42),스위스(38),튀르키예(36),슬로바키아(30),벨기에(27),프랑스(19),오스트리아(17),노르웨이(10),스웨덴(8),폴란드(1),-,-,-,-,-,-,-,-,"61,078",30.3,"78,513",126.5,"46,857",40.2,"34,668",7.5,"33,419",-11.6,"32,262",-38.1
40,미얀마,"3,159",24,"-3,135",1,0.0,-39.0,-66.2,0.0,-,중국(890),프랑스(563),일본(546),태국(416),미국(401),인도네시아(78),싱가포르(78),인도(70),영국(59),독일(20),스위스(5),홍콩(2),한국(1),에스와티니(1),멕시코(1),스웨덴(0),슬로베니아(0),-,-,-,-,-,-,-,-,-,-,-,-,-,"3,159",53.6,24,-,"2,056",-92.5,-,-,"27,573",-47.7,124,-12.6
41,케냐,"2,593",55,"-2,538",-,-,35.2,186.5,0.0,-,"중국(2,219)",미국(123),인도(86),독일(38),영국(30),스위스(10),프랑스(9),튀르키예(5),체코(4),벨기에(3),네덜란드(0),-,-,-,-,-,-,-,-,-,-,-,-,-,-,-,-,-,-,-,"2,593",198.0,55,-98.3,870,175.4,"3,354",25.8,316,-34.9,"2,667",39.6
42,이스라엘,"41,263","4,826","-36,437",992,2.4,4.7,25.5,0.2,992,"중국(7,709)","미국(7,004)","스위스(4,433)","독일(2,680)","홍콩(2,142)","스페인(1,265)","루마니아(1,121)","일본(1,048)",한국(992),이탈리아(970),프랑스(566),영국(435),스웨덴(343),멕시코(252),태국(240),튀르키예(228),아일랜드(221),헝가리(207),네덜란드(205),덴마크(198),오스트리아(126),인도(118),벨기에(86),싱가포르(76),체코(71),튀니지(52),브라질(49),-,폴란드(31),필리핀(28),"41,263",35.0,"4,826",256.4,"30,556",16.6,"1,354",-6.6,"26,199",-54.8,"1,450",1.8
43,모잠비크,575,69,-506,6,1.0,4.6,44.0,0.0,-,우간다(149),남아프리카공화국(117),포르투갈(75),아랍에미리트(65),중국(46),호주(32),미국(20),인도(8),한국(6),스페인(5),영국(2),네덜란드(2),-,-,-,-,-,-,멕시코(1),-,-,-,-,스위스(1),프랑스(0),-,-,-,-,-,575,-83.4,69,-,"3,460","1,146.2",-,-,278,-54.8,0,-96.2
44,아르헨티나,"40,250","1,681","-38,569",587,1.5,-6.6,56.8,0.2,587,"중국(7,124)","멕시코(5,985)","인도네시아(5,341)","브라질(3,177)","일본(2,677)","미국(2,387)","프랑스(2,094)",독일(986),한국(587),모로코(557),체코(453),덴마크(340),스위스(251),헝가리(205),스페인(165),캐나다(158),이스라엘(128),태국(113),튀르키예(96),스웨덴(44),루마니아(39),영국(34),네덜란드(28),슬로바키아(26),폴란드(25),말레이시아(9),벨기에(9),인도(9),세르비아(7),아일랜드(6),"40,250",34.9,"1,681",190.8,"29,828",82.2,578,-28.1,"16,372",-27.3,804,-52.9
45,캄보디아,"13,246",200,"-13,046",-,-,149.5,253.4,0.1,-,"중국(13,222)",영국(8),독일(4),인도(2),싱가포르(1),슬로베니아(1),오스트리아(0),-,-,-,-,-,-,-,-,-,-,-,-,-,-,-,-,-,-,-,-,-,-,-,"13,246",-63.8,200,-64.0,"36,609","3,350.7",555,-31.0,"1,061",-25.4,804,-24.7
46,콜롬비아,"6,992",305,"-6,687",-,-,0.9,-3.2,0.0,-,"중국(3,412)","미국(1,429)",독일(497),프랑스(239),멕시코(154),스위스(102),인도(63),오스트리아(23),덴마크(19),영국(17),스페인(13),네덜란드(13),캐나다(12),체코(11),벨기에(8),일본(7),스웨덴(5),슬로베니아(5),튀르키예(1),헝가리(0),-,-,-,-,-,-,-,-,-,-,"6,992",-18.7,305,-22.5,"8,602",15.3,394,-45.4,"7,463",-13.2,721,1.9
47,아일랜드,"8,941","2,839","-6,103",133,1.5,29.9,16.7,0.0,-,"미국(3,649)","중국(1,990)","영국(1,110)",스위스(447),독일(261),튀르키예(232),인도네시아(159),멕시코(155),일본(152),한국(133),벨기에(89),네덜란드(84),이탈리아(82),슬로베니아(36),프랑스(32),스웨덴(24),오스트리아(23),이스라엘(20),덴마크(20),싱가포르(15),노르웨이(9),슬로바키아(9),폴란드(8),기타국(6),헝가리(6),캐나다(5),스페인(4),튀니지(4),인도(4),태국(4),"8,941",-19.8,"2,839",-10.0,"11,150",69.8,"3,153",68.4,"6,567",-0.4,"1,872",-21.0
48,사우디아라비아,"17,783",307,"-17,476",-,-,-10.7,-19.5,0.1,-,"중국(8,465)","미국(2,916)","독일(1,264)","일본(1,201)","스위스(1,039)",영국(314),스페인(164),네덜란드(124),체코(57),스웨덴(56),캐나다(52),튀르키예(41),싱가포르(30),프랑스(25),오스트리아(18),인도(13),벨기에(13),폴란드(3),덴마크(3),노르웨이(1),헝가리(1),-,-,-,-,-,-,-,-,-,"17,783",37.5,307,70.6,"12,937",-52.8,180,-43.3,"27,428",-17.7,317,4.3
49,필리핀,"18,308","145,529","127,221",442,2.4,1.0,-1.9,0.1,-,"중국(5,902)","싱가포르(4,456)","일본(1,450)","미국(1,338)",홍콩(978),한국(442),말레이시아(351),독일(341),스웨덴(328),베트남(230),네덜란드(162),캄보디아(94),인도네시아(56),태국(55),벨기에(54),스위스(50),영국(44),인도(38),프랑스(36),멕시코(16),튀르키예(13),호주(10),세르비아(8),오스트리아(8),스페인(8),덴마크(6),슬로베니아(5),체코(4),헝가리(3),노르웨이(3),"18,308",-9.8,"145,529",43.6,"20,293",6.7,"101,310",9.5,"19,015",26.9,"92,545",-1.9
50,스리랑카,"23,318",23,"-23,295",50,0.2,25.1,37.8,0.1,50,"중국(19,626)","베트남(2,887)",싱가포르(166),아랍에미리트(117),인도(81),한국(50),독일(29),이탈리아(21),미국(20),일본(12),루마니아(11),영국(10),캐나다(6),튀르키예(6),노르웨이(6),프랑스(5),홍콩(4),덴마크(4),스웨덴(3),스페인(2),호주(1),태국(1),스위스(1),인도네시아(1),폴란드(1),벨기에(1),말레이시아(0),남아프리카공화국(0),오스트리아(0),기타국(0),"23,318",-43.1,23,-62.9,"40,958",233.8,62,-47.2,"12,271",27.6,118,4.4
51,남아프리카공화국,"56,642","2,674","-53,968",709,1.3,13.0,52.6,0.3,709,"인도네시아(8,291)","중국(7,236)","독일(5,456)","이탈리아(3,189)","미국(2,537)","일본(1,575)","세르비아(1,566)",튀르키예(754),헝가리(750),한국(709),태국(538),슬로바키아(438),인도(434),스위스(391),스페인(347),폴란드(300),체코(236),프랑스(192),스웨덴(171),브라질(154),영국(137),네덜란드(117),호주(99),멕시코(83),사우디아라비아(59),덴마크(58),불가리아(47),오스트리아(37),홍콩(29),핀란드(26),"56,642",91.0,"2,674",-2.1,"29,663",21.9,"2,732",59.6,"24,340",-29.7,"1,712",-44.9
52,세르비아,"6,440","287,425","280,985",15,0.2,-13.8,30.0,0.0,-,"독일(1,147)",중국(703),이탈리아(411),스위스(176),프랑스(160),헝가리(130),미국(105),일본(61),브라질(57),덴마크(43),체코(37),스페인(33),네덜란드(30),벨기에(28),튀르키예(25),루마니아(23),슬로베니아(22),아일랜드(18),스웨덴(17),불가리아(16),멕시코(16),영국(16),한국(15),크로아티아(15),오스트리아(14),태국(12),말레이시아(11),폴란드(10),튀니지(5),미얀마(5),"6,440",21.3,"287,425",218.5,"5,310",39.4,"90,239",14.5,"3,809",-56.5,"78,810",-13.7
53,아랍에미리트,"53,658","1,260","-52,398",-,-,20.7,59.0,0.3,-,"중국(28,729)","일본(7,040)","미국(3,961)","독일(3,522)","영국(1,170)",인도(996),네덜란드(393),싱가포르(315),프랑스(299),스위스(222),튀르키예(218),필리핀(182),벨기에(133),체코(87),스웨덴(74),오스트리아(51),캐나다(36),덴마크(33),스페인(28),슬로바키아(24),노르웨이(17),폴란드(11),세르비아(5),슬로베니아(0),헝가리(0),홍콩(0),-,-,-,-,"53,658",124.9,"1,260",-88.0,"23,858",12.5,"10,493",1.7,"21,214",10.1,"10,320",3.6
54,나이지리아,"16,920",68,"-16,852",-,-,49.1,-21.6,0.1,-,"중국(14,885)",미국(420),독일(419),스위스(180),인도(132),프랑스(42),벨기에(32),영국(27),체코(20),싱가포르(20),튀르키예(14),네덜란드(13),일본(5),오스트리아(4),노르웨이(1),세르비아(0),-,-,-,-,-,-,-,-,-,-,-,-,-,-,"16,920",-7.2,68,-43.5,"18,225",-33.7,120,802.7,"27,504",29.0,13,54.2
55,노르웨이,"28,841","15,504","-13,338",75,0.3,17.8,34.7,0.1,-,"독일(3,802)","중국(2,838)","미국(2,433)","캐나다(1,136)","스웨덴(1,033)",슬로바키아(841),덴마크(694),핀란드(614),이탈리아(589),스위스(471),일본(440),헝가리(336),프랑스(334),폴란드(303),영국(226),네덜란드(220),체코(174),스페인(140),오스트리아(138),벨기에(133),슬로베니아(124),멕시코(104),불가리아(80),한국(75),루마니아(51),아일랜드(45),필리핀(44),태국(43),포르투갈(32),엘살바도르(17),"28,841",56.0,"15,504",-12.1,"18,484",16.3,"17,639",32.0,"15,897",-15.8,"13,361",88.3
56,칠레,"14,917",188,"-14,729",49,0.3,18.7,44.7,0.1,-,"미국(6,533)","중국(1,662)","독일(1,140)",기타국(753),이탈리아(623),프랑스(248),스웨덴(196),스페인(175),멕시코(164),브라질(153),일본(130),덴마크(119),노르웨이(116),스위스(106),영국(77),네덜란드(66),태국(61),남아프리카공화국(52),튀르키예(49),한국(49),캐나다(22),벨기에(16),헝가리(16),포르투갈(15),핀란드(14),호주(13),체코(11),오스트리아(10),불가리아(10),슬로바키아(9),"14,917",27.8,188,-60.1,"11,668",63.7,471,44.7,"7,127",-5.8,326,-21.5
57,부룬디,34,-,-,14,40.2,4.5,-59.5,0.0,-,아랍에미리트(15),한국(14),중국(4),인도(1),벨기에(1),미국(0),스페인(0),-,-,-,-,-,-,-,-,-,-,-,-,-,-,-,-,-,-,-,-,-,-,-,34,-91.6,-,-,405,95.8,-,-,207,-27.8,-,-
58,우크라이나,"31,200","2,314","-28,887",54,0.2,47.9,97.9,0.2,-,"중국(7,116)","독일(1,232)",이탈리아(562),미국(552),스위스(319),폴란드(285),스웨덴(244),덴마크(153),오스트리아(113),체코(98),튀르키예(65),프랑스(61),일본(60),한국(54),브라질(45),스페인(40),벨기에(40),슬로바키아(36),헝가리(31),그리스(31),멕시코(29),영국(29),세르비아(29),네덜란드(21),인도(19),러시아연방(17),불가리아(14),포르투갈(9),말레이시아(8),태국(6),"31,200",167.0,"2,314",6.2,"11,686",46.7,"2,179",-17.5,"7,967",1.8,"2,641",178.0
59,이란,"13,056",32,"-13,024",-,-,-8.3,3.6,0.1,-,"중국(11,203)",튀르키예(663),독일(339),일본(21),폴란드(11),프랑스(7),스페인(4),스웨덴(4),네덜란드(3),체코(3),벨기에(2),스위스(2),헝가리(1),오스트리아(0),인도(0),-,-,-,-,-,-,-,-,-,-,-,-,-,-,-,"13,056",29.0,32,-73.6,"10,118",-16.9,120,"38,359.5","12,176",23.9,0,338.0
60,모로코,"37,658","34,445","-3,214",54,0.1,28.8,80.4,0.2,-,"프랑스(17,292)","스페인(3,503)","중국(2,774)",태국(394),독일(313),폴란드(296),튀르키예(199),미국(134),스위스(102),포르투갈(91),일본(64),한국(54),헝가리(44),영국(41),덴마크(16),루마니아(16),멕시코(13),슬로바키아(11),스웨덴(9),오스트리아(9),네덜란드(6),체코(5),튀니지(4),벨기에(3),베트남(3),인도(2),싱가포르(2),브라질(2),이집트(2),노르웨이(1),"37,658",235.1,"34,445",105.4,"11,239",-2.9,"16,771",182.7,"11,572",60.0,"5,933",100.7
61,뉴질랜드,"17,423","1,421","-16,002",146,0.8,18.2,38.0,0.1,-,"중국(4,549)","태국(1,986)","독일(1,293)","이탈리아(1,049)",미국(912),호주(768),덴마크(687),스위스(513),일본(363),프랑스(336),벨기에(161),한국(146),튀니지(119),영국(112),말레이시아(109),캐나다(97),헝가리(76),스페인(62),폴란드(51),체코(50),슬로베니아(44),이스라엘(43),세르비아(42),남아프리카공화국(42),네덜란드(40),홍콩(37),스웨덴(34),아랍에미리트(27),멕시코(24),오스트리아(23),"17,423",37.5,"1,421",38.4,"12,669",38.4,"1,027",94.1,"9,154",-16.9,529,-29.8
62,그리스,"4,080",472,"-3,608",1,0.0,22.1,29.8,0.0,-,일본(987),독일(869),중국(410),이탈리아(348),벨기에(283),네덜란드(189),싱가포르(129),스위스(99),미국(79),덴마크(31),영국(26),체코(24),폴란드(23),프랑스(17),캐나다(11),스페인(10),스웨덴(9),루마니아(8),불가리아(7),헝가리(6),이스라엘(5),오스트리아(4),뉴질랜드(4),폴리네시아(프)(3),튀르키예(3),키프로스(2),슬로베니아(1),슬로바키아(1),한국(1),필리핀(0),"4,080",32.2,472,12.5,"3,086",27.5,420,40.6,"2,420",-18.6,298,35.8
63,이집트,"2,387",62,"-2,325",3,0.1,-15.1,-25.8,0.0,-,핀란드(226),중국(225),미국(215),독일(63),네덜란드(62),우크라이나(50),그리스(35),스페인(33),튀르키예(31),스위스(22),인도(18),스웨덴(14),덴마크(12),체코(6),오스트리아(6),프랑스(5),튀니지(4),폴란드(4),헝가리(3),슬로바키아(3),한국(3),일본(3),루마니아(2),영국(1),벨기에(1),기타국(0),싱가포르(0),-,-,-,"2,387",58.7,62,74.1,"1,504",-65.3,35,-93.8,"4,336",82.3,572,-42.9
64,핀란드,"12,979","1,534","-11,445",66,0.5,0.4,14.8,0.1,-,"일본(3,007)","독일(1,822)","중국(1,649)","필리핀(1,345)",스위스(820),스웨덴(644),미국(510),체코(398),이탈리아(331),스페인(177),오스트리아(146),헝가리(127),벨기에(120),폴란드(103),프랑스(93),슬로바키아(93),에스토니아(80),노르웨이(80),튀르키예(74),덴마크(68),한국(66),네덜란드(64),태국(62),멕시코(61),영국(54),베트남(27),브라질(25),루마니아(25),슬로베니아(24),캐나다(18),"12,979",6.9,"1,534",-34.3,"12,143",23.4,"2,334",64.0,"9,843",-8.8,"1,424",-32.7
65,방글라데시,"9,381",10,"-9,372",-,-,-2.9,49.8,0.0,-,"중국(5,253)","싱가포르(1,470)",인도(345),독일(256),미국(101),일본(40),스위스(29),영국(26),체코(17),덴마크(10),네덜란드(9),튀르키예(2),오스트리아(1),프랑스(0),스웨덴(0),-,-,-,-,-,-,-,-,-,-,-,-,-,-,-,"9,381",196.7,10,135.2,"3,162",-24.3,4,39.6,"4,179",-29.7,3,-84.1
66,코스타리카,946,"3,325","2,379",-,-,-23.1,-42.6,0.0,-,미국(319),멕시코(181),중국(106),독일(71),스페인(49),스위스(26),스웨덴(9),캐나다(8),네덜란드(4),튀르키예(4),프랑스(2),벨기에(2),인도(1),-,-,-,-,-,-,-,-,-,-,-,-,-,-,-,-,-,946,31.9,"3,325",162.0,717,-75.1,"1,269",492.6,"2,877",33.6,214,-95.9
67,볼리비아,584,5,-578,8,1.3,2.9,6.5,0.0,-,중국(110),미국(86),독일(40),이탈리아(39),캐나다(32),일본(25),스페인(24),브라질(20),영국(14),프랑스(11),스위스(10),덴마크(8),한국(8),칠레(7),체코(4),아르헨티나(4),벨기에(1),그리스(1),세르비아(1),슬로베니아(1),멕시코(1),헝가리(1),튀르키예(0),오스트리아(0),인도네시아(0),베트남(0),홍콩(0),슬로바키아(0),-,-,584,39.8,5,956.6,418,-18.8,1,-95.6,514,-22.4,11,8.5
68,카타르,"4,847",200,"-4,647",29,0.6,8.5,41.9,0.0,-,중국(864),일본(680),스위스(573),미국(488),독일(255),호주(233),인도(89),영국(58),네덜란드(39),튀르키예(37),한국(29),벨기에(26),체코(24),브라질(20),캐나다(19),프랑스(19),노르웨이(17),멕시코(17),폴란드(16),핀란드(15),오스트리아(5),싱가포르(4),덴마크(2),스웨덴(1),헝가리(0),스페인(0),슬로베니아(0),-,-,-,"4,847",127.8,200,926.8,"2,127",-11.6,19,-33.9,"2,407",-21.1,29,-91.0
69,생바르텔레미,2,72,69,-,-,-,-8.1,0.0,-,독일(1),-,-,-,-,-,-,-,-,-,-,-,-,-,-,-,-,-,-,-,-,-,-,-,-,-,-,-,-,-,2,-,72,-,-,-,-,-,3,-90.9,-,-
70,파라과이,840,53,-787,52,6.2,2.6,37.5,0.0,-,중국(278),브라질(112),미국(79),한국(52),독일(39),아랍에미리트(37),캐나다(26),프랑스(13),스웨덴(12),스위스(12),스페인(8),오스트리아(7),인도(7),포르투갈(6),아르헨티나(5),이탈리아(5),일본(4),슬로바키아(4),멕시코(4),튀르키예(4),영국(2),룩셈부르크(2),아일랜드(2),네덜란드(1),체코(1),싱가포르(1),벨기에(1),폴란드(0),세르비아(0),필리핀(0),840,52.6,53,-21.9,551,24.0,68,-23.1,444,13.5,88,"1,362.6"
71,피지,200,126,-74,0,0.1,-18.1,23.2,0.0,-,중국(68),뉴질랜드(50),호주(37),미국(19),프랑스(6),독일(5),영국(3),싱가포르(3),캐나다(1),일본(1),태국(0),슬로바키아(0),한국(0),홍콩(0),-,-,-,-,-,-,-,-,-,-,-,-,-,-,-,-,200,-74.8,126,-4.6,795,502.9,132,400.0,132,-44.2,26,-74.9
72,마카오,251,269,18,-,-,14.4,82.7,0.0,-,중국(145),홍콩(55),스위스(12),슬로바키아(6),독일(6),일본(4),영국(4),오스트리아(1),미국(1),싱가포르(1),태국(0),-,-,-,-,-,-,-,-,-,-,-,-,-,-,-,-,-,-,-,251,312.3,269,969.5,61,-19.1,25,-56.2,75,-90.6,57,95.6
73,페루,"3,787",8,"-3,779",-,-,-1.4,9.6,0.0,-,"중국(2,114)",미국(623),독일(243),네덜란드(69),스위스(60),스페인(35),노르웨이(35),멕시코(29),영국(25),튀르키예(12),체코(12),스웨덴(12),인도(6),벨기에(4),오스트리아(3),덴마크(1),폴란드(1),캐나다(1),슬로베니아(0),프랑스(0),-,-,-,-,-,-,-,-,-,-,"3,787",35.9,8,-94.9,"2,787",-11.6,166,-39.6,"3,152",-40.2,275,112.4
74,에티오피아,"2,051",37,"-2,014",-,-,8.1,21.6,0.0,-,"중국(1,735)",영국(153),독일(65),미국(21),인도(7),스위스(2),튀르키예(1),스웨덴(0),-,-,-,-,-,-,-,-,-,-,-,-,-,-,-,-,-,-,-,-,-,-,"2,051",-38.2,37,-64.2,"3,321",139.3,104,"6,496.4","1,388",-42.1,2,-99.6
75,룩셈부르크,"2,605",390,"-2,215",1,0.0,3.9,-15.8,0.0,-,중국(805),독일(658),홍콩(478),네덜란드(189),노르웨이(159),기타국(64),벨기에(35),미국(32),체코(23),프랑스(18),스위스(9),헝가리(8),오스트리아(6),이탈리아(6),스웨덴(5),덴마크(4),일본(4),튀르키예(3),스페인(1),핀란드(1),폴란드(1),룩셈부르크(1),한국(1),슬로바키아(1),보스니아 헤르체고비나(1),슬로베니아(0),영국(0),말레이시아(0),태국(0),인도(0),"2,605",-27.8,390,-27.0,"3,608",-1.7,535,-28.5,"3,671",23.5,748,17.7
76,과테말라,"4,779",113,"-4,666",7,0.1,22.5,37.0,0.0,-,"미국(1,438)","중국(1,360)",멕시코(381),이탈리아(315),독일(183),인도(88),싱가포르(73),일본(68),파나마(62),스페인(54),불가리아(50),체코(42),캐나다(38),브라질(28),스웨덴(24),온두라스(18),베트남(15),프랑스(13),태국(12),콜롬비아(9),한국(7),스위스(7),네덜란드(5),에콰도르(5),벨기에(4),헝가리(3),영국(3),엘살바도르(2),오스트리아(2),필리핀(1),"4,779",64.0,113,136.3,"2,914",14.4,48,33.1,"2,547",-23.3,36,-69.5
77,알제리,"6,806",37,"-6,768",-,-,-5.4,-1.5,0.0,-,"캐나다(2,703)",중국(924),프랑스(412),체코(386),영국(336),독일(258),스위스(55),스페인(16),튀르키예(14),네덜란드(7),미국(6),슬로바키아(2),벨기에(1),오스트리아(1),인도(0),-,-,-,-,-,-,-,-,-,-,-,-,-,-,-,"6,806",133.7,37,"4,141.8","2,913",-58.5,1,-,"7,020",106.0,-,-
78,카메룬,338,214,-125,-,-,17.4,10.8,0.0,-,중국(183),네덜란드(24),미국(18),독일(14),프랑스(13),튀르키예(4),벨기에(4),인도(4),스위스(0),-,-,-,-,-,-,-,-,-,-,-,-,-,-,-,-,-,-,-,-,-,338,28.2,214,577.8,264,-4.3,32,-,276,-9.2,-,-
79,벨라루스,"4,406",95,"-4,312",-,-,-0.7,-27.2,0.0,-,"중국(2,821)",폴란드(378),독일(168),스위스(54),체코(29),튀르키예(20),오스트리아(9),일본(7),캐나다(6),스웨덴(6),미국(4),덴마크(3),인도(1),벨기에(0),프랑스(0),네덜란드(0),-,-,-,-,-,-,-,-,-,-,-,-,-,-,"4,406",-52.3,95,-98.3,"9,241",11.0,"5,564",26.9,"8,321",18.0,"4,383",27.7
80,에콰도르,"2,380",42,"-2,338",-,-,-3.2,6.9,0.0,-,"중국(1,425)",독일(277),미국(118),스위스(67),스페인(41),네덜란드(18),멕시코(11),영국(10),스웨덴(7),캐나다(5),일본(5),덴마크(3),프랑스(2),폴란드(1),루마니아(1),체코(1),오스트리아(1),튀르키예(0),싱가포르(0),인도(0),벨기에(0),-,-,-,-,-,-,-,-,-,"2,380",-24.9,42,-90.1,"3,169",52.1,428,935.0,"2,084",-47.9,41,-66.7
81,콩고민주공화국,527,3,-524,-,-,40.3,47.5,0.0,-,중국(473),미국(9),폴란드(8),네덜란드(7),독일(2),프랑스(2),스위스(1),벨기에(1),오스트리아(0),-,-,-,-,-,-,-,-,-,-,-,-,-,-,-,-,-,-,-,-,-,527,98.0,3,-,266,10.0,-,-,242,-21.4,1,149.1
82,오만,"2,140",171,"-1,969",-,-,14.7,-1.7,0.0,-,"일본(1,069)",중국(202),독일(148),영국(144),네덜란드(102),미국(94),프랑스(13),인도(10),벨기에(8),스위스(8),오스트리아(6),싱가포르(4),덴마크(3),체코(2),노르웨이(2),튀르키예(2),헝가리(1),스페인(1),-,-,-,-,-,-,-,-,-,-,-,-,"2,140",-52.3,171,-92.6,"4,486",102.4,"2,304",34.7,"2,216",25.4,"1,710",358.3
83,우간다,"1,833",0,"-1,833",-,-,71.1,-55.9,0.0,-,중국(696),미국(403),스웨덴(340),인도(16),독일(3),스위스(2),체코(1),네덜란드(1),벨기에(1),폴란드(0),프랑스(0),튀르키예(0),-,-,-,-,-,-,-,-,-,-,-,-,-,-,-,-,-,-,"1,833",-56.9,0,-,"4,250",-55.0,-,-,"9,447",-5.8,447,"6,912.4"
84,라트비아,"2,007",635,"-1,372",0,0.0,13.2,21.3,0.0,-,중국(463),리투아니아(248),독일(225),폴란드(188),미국(166),스위스(98),영국(90),네덜란드(74),러시아연방(46),체코(36),슬로베니아(35),인도(32),벨기에(31),스웨덴(26),핀란드(25),노르웨이(25),에스토니아(24),프랑스(14),일본(12),우크라이나(7),홍콩(6),덴마크(5),오스트리아(4),튀르키예(3),룩셈부르크(2),포르투갈(1),멕시코(1),스페인(1),한국(0),이스라엘(0),"2,007",16.5,635,40.1,"1,723",26.3,453,-3.5,"1,364",42.9,470,77.8
85,카자흐스탄,"7,571",438,"-7,133",6,0.1,32.0,19.9,0.0,-,"중국(2,197)","미국(1,388)",러시아연방(503),독일(419),체코(204),루마니아(167),영국(101),스위스(99),오스트리아(55),필리핀(32),튀르키예(31),스페인(30),일본(27),벨라루스(21),헝가리(16),말레이시아(11),스웨덴(10),불가리아(8),멕시코(7),키르기스스탄(7),그리스(7),한국(6),폴란드(5),프랑스(5),리투아니아(4),-,인도(4),덴마크(2),슬로베니아(2),네덜란드(2),"7,571",178.5,438,"61,729.5","2,719",-48.3,1,-99.5,"5,263",63.3,133,163.6
86,크로아티아,"9,731","2,138","-7,593",3,0.0,9.1,6.1,0.0,-,"중국(3,375)","독일(1,926)",네덜란드(602),오스트리아(494),슬로베니아(451),이탈리아(381),폴란드(364),프랑스(312),덴마크(281),스위스(209),헝가리(109),스웨덴(86),튀르키예(78),체코(68),미국(48),그리스(45),벨기에(27),리투아니아(23),브라질(23),멕시코(23),영국(17),노르웨이(16),루마니아(9),슬로바키아(8),스페인(6),포르투갈(5),홍콩(4),보스니아 헤르체고비나(3),캐나다(3),한국(3),"9,731",13.9,"2,138",-28.1,"8,545",-1.2,"2,974",37.2,"8,645",3.4,"2,167",8.5
87,라오스,179,1,-178,-,-,-44.0,-43.8,0.0,-,중국(167),튀르키예(5),영국(2),체코(2),-,-,-,-,-,-,-,-,-,-,-,-,-,-,-,-,-,-,-,-,-,-,-,-,-,-,179,-94.8,1,-,"3,468",512.3,-,-,566,-82.3,-,-
88,코트디부아르,839,58,-780,-,-,24.3,9.2,0.0,-,중국(345),프랑스(130),독일(39),벨기에(23),네덜란드(9),스위스(8),미국(5),체코(3),튀르키예(1),인도(0),-,-,-,-,-,-,-,-,-,-,-,-,-,-,-,-,-,-,-,-,839,-46.5,58,-,"1,569",122.9,-,-,704,-78.6,1,-63.6
89,군소 외곽제도,1,-,-,-,-,-,-,0.0,-,덴마크(0),-,-,-,-,-,-,-,-,-,-,-,-,-,-,-,-,-,-,-,-,-,-,-,-,-,-,-,-,-,1,-,-,-,-,-,-,-,-,-,-,-
90,우즈베키스탄,"4,804",2,"-4,802","3,995",83.2,25.0,8.0,0.0,-,"한국(3,995)",중국(167),튀르키예(80),독일(73),홍콩(66),이탈리아(59),리투아니아(32),카자흐스탄(11),러시아연방(11),에스토니아(11),미국(10),폴란드(9),스페인(7),프랑스(6),오스트리아(5),아랍에미리트(5),스위스(4),일본(4),라트비아(3),덴마크(2),루마니아(2),체코(2),스웨덴(1),벨기에(0),네덜란드(0),이란(0),-,-,-,-,"4,804",73.7,2,"21,110.0","2,766",-32.9,0,-100.0,"4,121",-4.4,37,-6.8
91,중앙아프리카공화국,11,-,-,-,-,-41.6,761.9,0.0,-,튀르키예(6),일본(2),-,-,-,-,-,-,-,-,-,-,-,-,-,-,-,-,-,-,-,-,-,-,-,-,-,-,-,-,11,173.7,-,-,4,"2,614.1",-,-,0,-91.3,-,-
92,가나,457,2,-455,-,-,-1.9,-22.4,0.0,-,중국(231),미국(46),캐나다(39),체코(23),네덜란드(15),독일(9),인도(8),일본(6),폴란드(3),프랑스(2),벨기에(2),영국(2),튀르키예(2),스위스(1),세르비아(1),-,-,-,-,-,-,-,-,-,-,-,-,-,-,-,457,-61.8,2,-93.6,"1,196",57.5,24,19.2,759,43.7,20,198.0
93,레소토,1,-,-,-,-,-57.7,-79.9,0.0,-,중국(1),-,-,-,-,-,-,-,-,-,-,-,-,-,-,-,-,-,-,-,-,-,-,-,-,-,-,-,-,-,1,-76.0,-,-,4,-83.1,-,-,21,-97.0,11,-98.2
94,탄자니아,506,117,-389,17,3.3,1.8,8.5,0.0,-,중국(197),남아프리카공화국(53),독일(20),오스트리아(19),인도(18),한국(17),아랍에미리트(16),미국(12),프랑스(6),호주(4),스웨덴(4),네덜란드(4),뉴질랜드(4),영국(3),폴란드(2),멕시코(2),브라질(2),일본(1),스페인(1),튀르키예(1),핀란드(1),이스라엘(1),체코(1),필리핀(1),말레이시아(1),스위스(0),모리셔스(0),싱가포르(0),덴마크(0),홍콩(0),506,-0.8,117,824.5,510,18.5,13,-53.5,430,21.1,27,-13.7
95,기니비사우,46,-,-,-,-,22.4,433.1,0.0,-,중국(46),-,-,-,-,-,-,-,-,-,-,-,-,-,-,-,-,-,-,-,-,-,-,-,-,-,-,-,-,-,46,"128,797.2",-,-,0,-97.8,-,-,2,87.5,-,-
96,가봉,155,12,-143,-,-,15.5,51.5,0.0,-,중국(54),독일(27),프랑스(20),인도(4),영국(2),노르웨이(1),벨기에(0),-,-,-,-,-,-,-,-,-,-,-,-,-,-,-,-,-,-,-,-,-,-,-,155,21.7,12,-,128,88.6,-,-,68,-77.4,0,-
97,북한,-,33,-,-,-,-,-,-,-,-,-,-,-,-,-,-,-,-,-,-,-,-,-,-,-,-,-,-,-,-,-,-,-,-,-,-,-,-,-,-,-,33,110.7,-,-,16,-17.1,-,-,19,"1,150.1"
98,파나마,"3,510",11,"-3,499",-,-,-8.6,117.4,0.0,-,"중국(2,738)",미국(203),독일(78),멕시코(64),일본(45),네덜란드(44),스웨덴(21),노르웨이(8),오스트리아(7),벨기에(5),스페인(5),홍콩(4),폴란드(4),덴마크(2),프랑스(2),튀르키예(2),스위스(1),슬로베니아(1),슬로바키아(0),인도(0),-,-,-,-,-,-,-,-,-,-,"3,510",98.1,11,99.9,"1,771",138.5,5,-98.1,743,-63.5,291,-26.2
99,르완다,546,4,-541,-,-,53.8,21.4,0.0,-,멕시코(158),이탈리아(69),미국(59),네덜란드(22),인도(4),벨기에(4),중국(3),폴란드(1),베트남(1),독일(1),아랍에미리트(0),튀르키예(0),스페인(0),프랑스(0),캐나다(0),말레이시아(0),-,-,-,-,-,-,-,-,-,-,-,-,-,-,546,-80.5,4,-,"2,795",654.8,-,-,370,0.9,2,779.5
100,도미니카공화국,"5,878",183,"-5,696",6,0.1,25.6,43.4,0.0,-,"중국(3,702)",미국(925),영국(190),독일(161),일본(152),브라질(138),인도(102),태국(93),멕시코(53),스페인(41),프랑스(9),아르헨티나(9),콜롬비아(7),체코(6),한국(6),폴란드(5),헝가리(5),싱가포르(4),스위스(4),캐나다(3),슬로바키아(2),에콰도르(2),덴마크(2),스웨덴(2),오스트리아(2),벨기에(1),도미니카공화국(1),말레이시아(1),루마니아(1),슬로베니아(1),"5,878",166.3,183,212.3,"2,207",-22.8,58,-55.7,"2,857",37.7,132,-63.2
101,투르크메니스탄,564,-,-,-,-,23.1,96.4,0.0,-,튀르키예(420),중국(125),오스트리아(6),독일(2),프랑스(1),-,-,-,-,-,-,-,-,-,-,-,-,-,-,-,-,-,-,-,-,-,-,-,-,-,564,296.3,-,-,142,-2.7,-,-,146,-63.0,-,-
102,이라크,"2,849",17,"-2,832",-,-,15.7,16.4,0.0,-,"중국(1,859)",독일(281),튀르키예(172),미국(90),네덜란드(28),일본(23),프랑스(18),스위스(14),체코(9),오스트리아(2),덴마크(1),벨기에(1),인도(0),-,-,-,-,-,-,-,-,-,-,-,-,-,-,-,-,-,"2,849",58.6,17,"2,941.6","1,796",-14.5,1,-,"2,101",55.9,-,-
103,아이티,60,-,-,-,-,-39.3,-64.2,0.0,-,미국(52),중국(8),-,-,-,-,-,-,-,-,-,-,-,-,-,-,-,-,-,-,-,-,-,-,-,-,-,-,-,-,60,-76.2,-,-,253,-46.1,-,-,469,45.6,-,-
104,에스토니아,"3,667","1,174","-2,493",2,0.0,13.7,-34.4,0.0,-,"중국(1,083)",독일(902),스웨덴(369),미국(268),멕시코(90),스위스(64),오스트리아(60),핀란드(56),폴란드(52),이탈리아(43),체코(37),라트비아(34),슬로바키아(28),브라질(26),영국(23),스페인(21),프랑스(19),노르웨이(18),벨기에(16),헝가리(14),루마니아(13),일본(12),덴마크(10),이스라엘(8),인도(7),튀르키예(7),네덜란드(5),캐나다(4),우크라이나(3),불가리아(3),"3,667",-35.6,"1,174",5.5,"5,698",-33.1,"1,113",7.2,"8,523",230.7,"1,038",-22.3
105,튀니지,"5,006","7,183","2,178",-,-,-2.2,27.2,0.0,-,"독일(1,326)",중국(970),덴마크(234),프랑스(226),스위스(98),영국(46),미국(45),네덜란드(37),튀르키예(9),벨기에(7),체코(6),일본(3),인도(2),스페인(2),스웨덴(1),오스트리아(0),캐나다(0),-,-,-,-,-,-,-,-,-,-,-,-,-,"5,006",37.5,"7,183",-4.4,"3,639",17.7,"7,514",93.2,"3,091",-25.8,"3,889",-75.8
106,우루과이,926,6,-919,7,0.7,8.1,71.1,0.0,-,미국(195),중국(99),독일(69),브라질(65),스페인(27),스웨덴(20),벨기에(12),이탈리아(11),프랑스(11),싱가포르(9),한국(7),덴마크(5),세르비아(4),일본(2),스위스(2),아르헨티나(1),아프가니스탄(1),인도(1),영국(1),오스트리아(1),폴란드(1),파라과이(1),헝가리(1),튀르키예(1),네덜란드(1),체코(0),멕시코(0),홍콩(0),칠레(0),마카오(0),926,16.9,6,-37.7,792,150.3,10,46.9,316,-3.4,7,130.1
107,소말리아,336,-,-,-,-,29.4,19.2,0.0,-,중국(329),오스트리아(2),튀르키예(1),프랑스(1),-,-,-,-,-,-,-,-,-,-,-,-,-,-,-,-,-,-,-,-,-,-,-,-,-,-,336,-19.3,-,-,416,75.9,-,-,236,32.1,-,-
108,몽골,337,0,-336,-,-,8.7,10.3,0.0,-,중국(207),싱가포르(35),독일(14),튀르키예(9),스웨덴(6),영국(5),일본(2),캐나다(2),스위스(2),프랑스(0),-,-,-,-,-,-,-,-,-,-,-,-,-,-,-,-,-,-,-,-,337,-68.9,0,-95.1,"1,082",291.2,4,-53.9,277,13.4,9,-48.6
109,마다가스카르,"2,914",-,-,-,-,89.4,334.1,0.0,-,"중국(2,833)",프랑스(31),독일(5),인도(2),영국(1),튀르키예(0),스위스(0),오스트리아(0),벨기에(0),-,-,-,-,-,-,-,-,-,-,-,-,-,-,-,-,-,-,-,-,-,"2,914",429.6,-,-,550,255.8,-,-,155,35.7,0,-92.2
110,아프가니스탄,85,0,-84,-,-,-24.7,-64.0,0.0,-,중국(82),인도(1),덴마크(1),튀르키예(0),-,-,-,-,-,-,-,-,-,-,-,-,-,-,-,-,-,-,-,-,-,-,-,-,-,-,85,-84.3,0,-,538,-17.7,-,-,654,153.2,-,-
111,마케도니아,"1,395",459,-936,1,0.1,13.2,17.4,0.0,-,덴마크(264),중국(146),슬로바키아(86),독일(70),이탈리아(68),크로아티아(29),튀르키예(27),폴란드(14),프랑스(13),스위스(13),네덜란드(12),체코(9),루마니아(8),그리스(8),미국(6),스페인(6),브라질(5),튀니지(5),오스트리아(4),일본(4),불가리아(4),헝가리(3),홍콩(3),멕시코(1),한국(1),필리핀(1),세르비아(1),영국(1),스웨덴(1),베트남(1),"1,395",104.9,459,"5,099.7",681,-32.8,9,-82.5,"1,013",18.6,51,-26.9
112,요르단,"1,118",220,-898,8,0.7,8.1,9.4,0.0,-,중국(422),독일(63),튀르키예(31),폴란드(29),미국(26),스페인(14),이란(13),캐나다(13),영국(10),브라질(9),한국(8),네덜란드(8),스위스(6),덴마크(6),핀란드(5),일본(3),인도(3),세르비아(3),튀니지(2),스웨덴(2),벨기에(1),헝가리(1),체코(1),프랑스(1),불가리아(0),루마니아(0),-,-,-,-,"1,118",19.0,220,250.1,939,0.5,63,54.3,935,-3.2,41,-69.6
113,몰타,364,90,-274,0,0.0,12.6,16.7,0.0,-,독일(154),중국(36),말레이시아(31),튀르키예(22),프랑스(21),미국(19),영국(14),네덜란드(12),스위스(6),일본(5),슬로바키아(2),싱가포르(2),벨기에(2),체코(2),스웨덴(2),오스트리아(1),캐나다(1),슬로베니아(0),폴란드(0),덴마크(0),한국(0),호주(0),라트비아(0),스페인(0),홍콩(0),루마니아(0),-,-,-,-,364,-77.6,90,-32.0,"1,625",508.3,132,3.2,267,-19.6,128,54.6
114,라이베리아,563,-,-,-,-,9.9,17.6,0.0,-,미국(465),중국(55),튀르키예(29),일본(14),인도(0),프랑스(0),-,-,-,-,-,-,-,-,-,-,-,-,-,-,-,-,-,-,-,-,-,-,-,-,563,35.5,-,-,415,2.0,-,-,407,"2,337.8",5,"1,002.7"
115,엘살바도르,"1,771",130,"-1,641",41,2.3,1.2,40.5,0.0,-,중국(577),미국(490),독일(109),이탈리아(72),프랑스(45),한국(41),일본(40),멕시코(35),폴란드(31),스위스(18),네덜란드(12),브라질(12),핀란드(11),스페인(9),태국(7),파나마(7),조지아(7),영국(6),호주(3),이스라엘(3),과테말라(3),덴마크(3),루마니아(3),콜롬비아(2),홍콩(2),헝가리(1),싱가포르(1),인도(1),체코(1),오스트리아(1),"1,771",-5.4,130,79.5,"1,872",108.7,72,18.5,897,-29.4,61,-2.9
116,몰다비아,"1,279",37,"-1,243",1,0.1,37.4,68.4,0.0,-,중국(427),폴란드(187),독일(97),스위스(67),네덜란드(59),불가리아(34),미국(31),리투아니아(24),튀르키예(14),스웨덴(10),오스트리아(9),덴마크(7),우크라이나(6),멕시코(5),프랑스(4),루마니아(4),일본(3),슬로바키아(3),벨라루스(3),포르투갈(3),러시아연방(2),안도라(2),베트남(2),헝가리(2),스페인(1),체코(1),말레이시아(1),한국(1),핀란드(1),세르비아(1),"1,279",168.1,37,703.5,477,5.7,5,-88.0,451,23.8,38,-28.6
117,모리셔스,550,19,-531,7,1.2,-0.5,25.5,0.0,-,남아프리카공화국(143),중국(111),프랑스(81),이탈리아(19),독일(19),스위스(15),네덜란드(9),한국(7),헝가리(5),스페인(3),일본(2),싱가포르(1),미국(1),멕시코(1),인도(1),폴란드(1),홍콩(1),태국(1),영국(1),인도네시아(1),오스트리아(1),스웨덴(0),베트남(0),튀르키예(0),말레이시아(0),슬로바키아(0),체코(0),아일랜드(0),사우디아라비아(0),벨기에(0),550,28.6,19,3.5,428,22.4,18,-84.6,349,-79.4,120,93.6
118,앙골라,"1,898",16,"-1,882",3,0.2,2.7,2.4,0.0,-,"중국(1,000)",포르투갈(301),베트남(82),아랍에미리트(80),남아프리카공화국(44),스페인(39),영국(16),일본(14),독일(14),벨기에(10),미국(10),프랑스(10),튀르키예(9),노르웨이(8),스웨덴(7),퀴라소(7),나미비아(5),인도(5),멕시코(4),한국(3),카보베르데(3),콩고(3),헝가리(3),폴란드(3),스위스(2),덴마크(2),그리스(1),네덜란드(1),브라질(0),태국(0),"1,898",174.6,16,"5,627.6",691,-61.8,0,-56.3,"1,812",-4.1,1,-97.8
119,사모아 (서사모아),4,2,-2,-,-,-55.6,118.7,0.0,-,중국(0),-,-,-,-,-,-,-,-,-,-,-,-,-,-,-,-,-,-,-,-,-,-,-,-,-,-,-,-,-,4,-25.6,2,-,5,543.2,-,-,1,-93.2,-,-
120,가이아나,219,9,-210,-,-,20.2,32.7,0.0,-,미국(123),중국(90),네덜란드(1),영국(1),독일(1),"버진아일랜드,영(1)",캐나다(0),멕시코(0),인도(0),이탈리아(0),스위스(0),트리니다드토바고(0),일본(0),-,-,-,-,-,-,-,-,-,-,-,-,-,-,-,-,-,219,-25.1,9,-,292,135.0,-,-,124,-2.9,0,-65.8
121,네팔,308,0,-307,-,-,-22.7,51.9,0.0,-,인도(131),중국(44),독일(41),미국(35),프랑스(2),체코(2),영국(2),스웨덴(1),싱가포르(1),네덜란드(1),-,-,-,-,-,-,-,-,-,-,-,-,-,-,-,-,-,-,-,-,308,117.4,0,-,141,6.1,-,-,133,-53.5,-,-
122,부탄,15,-,-,-,-,46.0,-20.5,0.0,-,인도(14),중국(1),폴란드(0),-,-,-,-,-,-,-,-,-,-,-,-,-,-,-,-,-,-,-,-,-,-,-,-,-,-,-,15,-,-,-,-,-,-,-,24,79.3,-,-
123,예멘,816,-,-,-,-,23.4,-28.4,0.0,-,중국(419),일본(364),독일(13),스위스(3),스웨덴(2),인도(1),-,-,-,-,-,-,-,-,-,-,-,-,-,-,-,-,-,-,-,-,-,-,-,-,816,-48.1,-,-,"1,572",-1.2,-,-,"1,591",186.2,-,-
124,레바논,"1,301",6,"-1,295",3,0.2,0.6,125.1,0.0,-,중국(850),프랑스(106),독일(29),튀니지(20),네덜란드(20),미국(18),인도(17),튀르키예(14),영국(11),스위스(8),슬로바키아(3),한국(3),스웨덴(2),멕시코(2),체코(2),오스트리아(1),세르비아(1),캐나다(1),스페인(1),말레이시아(1),폴란드(1),일본(1),루마니아(0),덴마크(0),슬로베니아(0),헝가리(0),싱가포르(0),벨기에(0),태국(0),불가리아(0),"1,301",64.1,6,-49.1,793,208.8,11,-47.5,257,-42.3,22,-75.7
125,세이셸,38,-,-,-,-,-22.4,-0.4,0.0,-,독일(10),노르웨이(6),일본(4),프랑스(2),인도(2),영국(2),중국(1),벨기에(0),-,-,-,-,-,-,-,-,-,-,-,-,-,-,-,-,-,-,-,-,-,-,38,168.2,-,-,14,-63.0,0,-,39,-59.9,-,-
126,파푸아뉴기니,270,1,-269,-,-,-17.3,1.9,0.0,-,중국(204),인도(12),싱가포르(12),필리핀(1),-,-,-,-,-,-,-,-,-,-,-,-,-,-,-,-,-,-,-,-,-,-,-,-,-,-,270,130.3,1,-14.1,117,-54.9,1,-97.7,260,103.4,56,782.8
127,짐바브웨,"1,462",-,-,-,-,77.6,50.7,0.0,-,"중국(1,192)",미국(221),네덜란드(16),독일(5),튀르키예(2),스웨덴(2),프랑스(1),인도(1),스위스(0),-,-,-,-,-,-,-,-,-,-,-,-,-,-,-,-,-,-,-,-,-,"1,462",16.0,-,-,"1,260",95.7,-,-,644,134.4,-,-
128,아이슬란드,"1,213",319,-893,2,0.2,16.4,48.1,0.0,-,독일(144),네덜란드(48),미국(43),프랑스(41),영국(36),덴마크(30),세르비아(30),노르웨이(27),일본(23),체코(21),스웨덴(20),중국(18),라트비아(18),폴란드(15),스페인(14),스위스(14),이탈리아(9),슬로바키아(8),루마니아(7),캐나다(6),헝가리(6),멕시코(5),벨기에(4),태국(4),인도(3),페로 제도(3),한국(2),오스트리아(1),우크라이나(1),베트남(1),"1,213",63.8,319,155.0,740,33.9,125,134.3,553,-28.0,53,358.1
129,바레인,"1,970",720,"-1,250",16,0.8,30.9,8.2,0.0,-,일본(703),독일(258),중국(178),미국(94),영국(35),싱가포르(24),한국(16),슬로바키아(16),오스트리아(16),네덜란드(13),태국(13),멕시코(12),헝가리(6),덴마크(5),튀르키예(4),캐나다(4),루마니아(4),스위스(3),인도(3),불가리아(3),폴란드(2),말레이시아(2),벨기에(2),-,크로아티아(2),프랑스(2),호주(1),스페인(1),노르웨이(1),세르비아(1),"1,970",34.4,720,"2,883.1","1,466",-12.9,24,294.6,"1,683",189.9,6,-92.3
130,수단,313,79,-234,-,-,-22.6,-19.4,0.0,-,중국(211),독일(28),스위스(19),튀르키예(14),인도(10),체코(0),프랑스(0),-,-,-,-,-,-,-,-,-,-,-,-,-,-,-,-,-,-,-,-,-,-,-,313,34.2,79,-,233,-51.7,-,-,482,20.3,-,-
131,아제르바이잔,"1,204",6,"-1,198",15,1.3,38.9,126.1,0.0,-,중국(579),독일(85),미국(31),튀르키예(25),노르웨이(21),한국(15),러시아연방(13),헝가리(12),영국(10),스위스(6),프랑스(4),인도(3),멕시코(2),일본(2),오스트리아(2),슬로베니아(1),폴란드(1),네덜란드(1),체코(1),덴마크(1),스웨덴(1),세르비아(1),말레이시아(1),슬로바키아(1),홍콩(0),스페인(0),불가리아(0),루마니아(0),크로아티아(0),아일랜드(0),"1,204",304.4,6,-38.5,298,26.5,9,407.9,235,-77.3,2,201.9
132,차드,566,-,-,-,-,57.9,21.3,0.0,-,중국(565),스페인(1),-,-,-,-,-,-,-,-,-,-,-,-,-,-,-,-,-,-,-,-,-,-,-,-,-,-,-,-,566,68.6,-,-,336,-12.7,4,-,384,67.8,-,-
133,세네갈,806,0,-806,-,-,37.5,101.4,0.0,-,중국(707),독일(15),튀르키예(12),네덜란드(10),프랑스(8),벨기에(3),인도(2),체코(1),스위스(1),캐나다(1),스페인(0),-,-,-,-,-,-,-,-,-,-,-,-,-,-,-,-,-,-,-,806,257.9,0,-,225,13.3,-,-,199,-22.7,0,-23.9
134,니카라과,725,2,-723,3,0.4,17.6,67.3,0.0,-,중국(165),미국(140),독일(84),멕시코(73),이탈리아(38),스페인(30),체코(20),캐나다(5),스웨덴(4),슬로바키아(4),스위스(4),네덜란드(4),오스트리아(3),한국(3),일본(2),태국(2),프랑스(2),인도(1),인도네시아(1),덴마크(1),필리핀(1),브라질(1),콜롬비아(1),코스타리카(0),헝가리(0),튀르키예(0),루마니아(0),벨기에(0),-,-,725,95.0,2,83.3,372,43.5,1,-79.7,259,-12.2,6,-79.4
135,부르키나파소,"1,051",-,-,-,-,60.8,-1.3,0.0,-,중국(454),프랑스(266),독일(23),벨기에(6),네덜란드(3),인도(1),-,-,-,-,-,-,-,-,-,-,-,-,-,-,-,-,-,-,-,-,-,-,-,-,"1,051",27.6,-,-,824,-23.7,-,-,"1,080","1,006.1",3,-
136,지부티,"1,662",-,-,-,-,10.7,40.1,0.0,-,"중국(1,419)",미국(213),프랑스(10),인도(4),튀르키예(2),독일(1),-,-,-,-,-,-,-,-,-,-,-,-,-,-,-,-,-,-,-,-,-,-,-,-,"1,662",33.0,-,-,"1,250",47.5,-,-,847,-4.1,-,-
137,잠비아,924,0,-924,-,-,17.3,20.4,0.0,-,중국(890),인도(10),체코(7),네덜란드(3),벨기에(1),튀르키예(1),-,-,-,-,-,-,-,-,-,-,-,-,-,-,-,-,-,-,-,-,-,-,-,-,924,-60.1,0,-99.5,"2,317",263.6,1,-92.7,637,96.0,13,-76.9
138,온두라스,"1,170",9,"-1,161",-,-,20.2,55.2,0.0,-,중국(355),미국(274),멕시코(260),독일(110),스페인(10),인도(4),오스트리아(2),프랑스(1),스웨덴(1),네덜란드(1),스위스(0),-,-,-,-,-,-,-,-,-,-,-,-,-,-,-,-,-,-,-,"1,170",5.1,9,-11.8,"1,114",129.3,10,"7,181.1",486,-28.5,0,-99.8
139,말리,396,-,-,-,-,11.3,5.3,0.0,-,중국(331),프랑스(13),네덜란드(9),독일(8),일본(2),노르웨이(1),벨기에(1),스위스(0),스웨덴(0),-,-,-,-,-,-,-,-,-,-,-,-,-,-,-,-,-,-,-,-,-,396,-3.7,-,-,411,15.1,-,-,357,133.5,-,-
140,말라위,85,-,-,-,-,-25.5,44.7,0.0,-,중국(53),인도(17),독일(3),캐나다(0),-,-,-,-,-,-,-,-,-,-,-,-,-,-,-,-,-,-,-,-,-,-,-,-,-,-,85,-83.2,-,-,505,"1,147.5",-,-,40,33.6,-,-
141,시에라리온,780,9,-771,-,-,29.9,123.0,0.0,-,미국(703),독일(31),튀르키예(6),중국(5),네덜란드(0),벨기에(0),인도(0),-,-,-,-,-,-,-,-,-,-,-,-,-,-,-,-,-,-,-,-,-,-,-,780,27.7,9,-9.2,611,289.5,10,528.8,157,987.1,2,-79.0
142,기니,303,-,-,-,-,27.5,45.7,0.0,-,프랑스(85),중국(70),미국(11),네덜란드(10),인도(9),튀르키예(6),독일(3),벨기에(2),-,-,-,-,-,-,-,-,-,-,-,-,-,-,-,-,-,-,-,-,-,-,303,205.6,-,-,99,-30.6,0,-99.8,143,-82.4,65,-
143,니제르,77,-,-,-,-,11.8,31.6,0.0,-,중국(3),미국(2),네덜란드(1),스페인(0),인도(0),스웨덴(0),튀르키예(0),부르키나파소(0),프랑스(0),-,-,-,-,-,-,-,-,-,-,-,-,-,-,-,-,-,-,-,-,-,77,-81.3,-,-,411,824.7,2,-,44,-62.4,-,-
144,리비아,490,1,-490,-,-,37.7,-18.7,0.0,-,중국(103),스페인(66),일본(64),독일(47),캐나다(29),미국(15),튀르키예(7),네덜란드(4),스위스(3),프랑스(0),-,-,-,-,-,-,-,-,-,-,-,-,-,-,-,-,-,-,-,-,490,-11.4,1,-,554,-25.5,-,-,743,129.8,-,-
145,동티모르 민주공화국,56,-,-,-,-,13.4,33.6,0.0,-,중국(38),슬로베니아(0),-,-,-,-,-,-,-,-,-,-,-,-,-,-,-,-,-,-,-,-,-,-,-,-,-,-,-,-,56,"4,263.7",-,-,1,-95.9,-,-,32,-53.4,-,-
146,트리니다드토바고,808,4,-804,-,-,24.2,43.9,0.0,-,미국(449),중국(114),덴마크(76),독일(62),노르웨이(14),캐나다(8),프랑스(7),영국(4),일본(2),스위스(0),체코(0),벨기에(0),-,-,-,-,-,-,-,-,-,-,-,-,-,-,-,-,-,-,808,260.0,4,133.3,225,-42.4,2,-79.7,390,33.1,8,-60.1
147,몰디브,207,-,-,-,-,-25.2,46.8,0.0,-,싱가포르(43),중국(29),미국(24),영국(15),독일(15),노르웨이(5),인도(3),튀르키예(2),일본(2),오스트리아(2),캐나다(2),루마니아(1),스위스(1),네덜란드(0),-,-,-,-,-,-,-,-,-,-,-,-,-,-,-,-,207,-65.5,-,-,601,524.7,3,-,96,-91.5,-,-
148,보스니아 헤르체고비나,"2,006","18,885","16,878",1,0.1,13.9,49.6,0.0,-,중국(496),독일(305),이탈리아(129),스위스(26),슬로바키아(22),미국(21),프랑스(20),덴마크(19),슬로베니아(18),오스트리아(14),크로아티아(10),폴란드(10),체코(10),튀르키예(10),헝가리(8),루마니아(8),스웨덴(8),세르비아(7),일본(6),브라질(5),스페인(4),영국(4),말레이시아(3),네덜란드(3),벨기에(2),인도(2),-,홍콩(1),불가리아(1),멕시코(1),"2,006",80.5,"18,885",158.3,"1,112",24.0,"7,310",161.3,897,-18.5,"2,798",238.2
149,브루나이,695,65,-630,6,0.9,-13.5,-40.7,0.0,-,미국(390),싱가포르(59),일본(46),말레이시아(40),중국(38),독일(26),캐나다(20),영국(16),인도네시아(11),스위스(8),한국(6),멕시코(6),네덜란드(4),프랑스(2),인도(2),오스트리아(2),생바르텔레미(1),베트남(1),폴란드(1),에스토니아(1),태국(1),헝가리(0),홍콩(0),슬로바키아(0),루마니아(0),스페인(0),-,-,-,-,695,444.7,65,"10,216.9",128,-93.5,1,-99.8,"1,973",-45.8,252,-82.2
150,바하마,584,-,-,-,-,-14.9,15.7,0.0,-,미국(275),독일(222),중국(20),오스트리아(16),일본(8),덴마크(6),네덜란드(3),홍콩(2),캐나다(1),-,-,-,-,-,-,-,-,-,-,-,-,-,-,-,-,-,-,-,-,-,584,3.0,-,-,567,30.1,1,109.6,436,104.8,1,31.1
151,키프로스,"1,186",191,-995,1,0.1,27.8,59.0,0.0,-,중국(624),튀르키예(112),독일(56),프랑스(44),인도(33),그리스(20),스웨덴(11),영국(6),스위스(5),오스트리아(4),덴마크(3),미국(3),체코(2),벨기에(2),폴란드(2),아랍에미리트(2),네덜란드(2),스페인(1),홍콩(1),한국(1),슬로베니아(0),일본(0),싱가포르(0),슬로바키아(0),인도네시아(0),-,-,-,-,-,"1,186",111.3,191,427.5,561,19.7,36,479.2,469,6.5,6,132.5
152,나미비아,688,182,-506,0,0.1,-1.4,25.3,0.0,-,남아프리카공화국(470),일본(27),독일(20),미국(15),홍콩(14),스페인(10),중국(8),네덜란드(8),덴마크(8),노르웨이(7),잠비아(5),기타국(4),태국(3),호주(3),폴란드(3),벨기에(2),스웨덴(2),체코(1),말레이시아(1),인도(1),한국(0),슬로바키아(0),영국(0),스위스(0),프랑스(0),인도네시아(0),브라질(0),헝가리(0),튀르키예(0),-,688,-20.7,182,156.8,868,98.2,71,172.4,438,-41.1,26,-63.3
153,모리타니아,324,8,-316,-,-,16.8,-6.2,0.0,-,중국(156),프랑스(76),튀르키예(6),독일(1),네덜란드(0),벨기에(0),-,-,-,-,-,-,-,-,-,-,-,-,-,-,-,-,-,-,-,-,-,-,-,-,324,148.6,8,"9,389.4",130,-64.6,0,-,368,395.9,-,-
154,토고,54,28,-26,-,-,-45.7,-30.6,0.0,-,프랑스(11),네덜란드(9),케냐(5),일본(4),체코(4),중국(3),독일(1),폴란드(0),벨기에(0),-,-,-,-,-,-,-,-,-,-,-,-,-,-,-,-,-,-,-,-,-,54,114.3,28,-,25,-77.5,-,-,111,46.6,-,-
155,자메이카,996,-,-,-,-,15.5,70.4,0.0,-,중국(824),독일(17),미국(17),네덜란드(2),일본(2),스위스(0),프랑스(0),-,-,-,-,-,-,-,-,-,-,-,-,-,-,-,-,-,-,-,-,-,-,-,996,350.1,-,-,221,-35.5,1,452.7,343,-28.4,0,-
156,베냉,24,-,-,-,-,-34.9,-75.9,0.0,-,프랑스(7),체코(5),스위스(3),튀르키예(2),아랍에미리트(1),벨기에(1),중국(1),가나(0),-,-,-,-,-,-,-,-,-,-,-,-,-,-,-,-,-,-,-,-,-,-,24,59.9,-,-,15,-96.4,17,"2,419.8",415,-88.6,1,-
157,보츠와나,106,1,-105,-,-,-17.6,-29.5,0.0,-,남아프리카공화국(87),독일(6),중국(5),영국(1),체코(1),스위스(0),인도(0),-,-,-,-,-,-,-,-,-,-,-,-,-,-,-,-,-,-,-,-,-,-,-,106,-71.5,1,-,372,74.3,-,-,214,-51.8,14,716.2
158,남수단,140,-,-,-,-,72.7,34.1,0.0,-,중국(140),-,-,-,-,-,-,-,-,-,-,-,-,-,-,-,-,-,-,-,-,-,-,-,-,-,-,-,-,-,140,151.8,-,-,56,-28.6,-,-,78,-8.0,-,-
159,조지아,"1,111",255,-856,0,0.0,15.6,58.4,0.0,-,독일(210),튀르키예(157),이탈리아(80),아랍에미리트(68),중국(48),체코(30),스페인(10),영국(8),스웨덴(5),우크라이나(4),몰타(4),폴란드(4),벨기에(3),불가리아(2),카자흐스탄(2),스위스(1),프랑스(1),헝가리(1),네덜란드(1),싱가포르(0),러시아연방(0),이란(0),미국(0),오스트리아(0),루마니아(0),한국(0),슬로바키아(0),슬로베니아(0),-,-,"1,111",242.3,255,8.7,324,-26.7,234,288.6,443,15.4,60,-46.7
160,키르기스스탄,746,0,-746,-,-,17.8,248.0,0.0,-,미국(98),중국(55),홍콩(35),폴란드(32),튀르키예(27),세르비아(26),독일(25),영국(20),러시아연방(16),벨라루스(5),네덜란드(4),카자흐스탄(4),인도(1),스위스(1),프랑스(1),멕시코(1),일본(1),호주(0),스페인(0),-,-,-,-,-,-,-,-,-,-,-,746,374.6,0,-90.4,157,155.2,2,-67.8,62,-14.0,8,-60.3
161,아르메니아,613,39,-574,12,2.0,66.3,145.4,0.0,-,중국(179),독일(26),러시아연방(23),미국(21),한국(12),프랑스(9),이탈리아(5),일본(5),스위스(5),벨기에(5),인도(3),핀란드(3),덴마크(3),기타국(2),말레이시아(2),스페인(1),네덜란드(1),스웨덴(1),남아프리카공화국(1),튀르키예(1),슬로베니아(1),폴란드(1),모로코(1),조지아(0),북한(0),루마니아(0),헝가리(0),브라질(0),오스트리아(0),싱가포르(0),613,329.1,39,-20.5,143,40.4,49,306.6,102,3.1,12,187.1
162,퀴라소,78,4,-74,-,-,4.9,5.0,0.0,-,미국(21),네덜란드(12),독일(9),중국(2),캐나다(1),스위스(0),-,-,-,-,-,-,-,-,-,-,-,-,-,-,-,-,-,-,-,-,-,-,-,-,78,51.1,4,-88.8,52,-27.0,37,"3,100.5",71,32.3,1,-
163,시리아,344,-,-,-,-,-12.9,9.5,0.0,-,중국(341),독일(1),튀르키예(1),-,-,-,-,-,-,-,-,-,-,-,-,-,-,-,-,-,-,-,-,-,-,-,-,-,-,-,344,98.5,-,-,173,-39.6,-,-,287,8.6,-,-
164,지브롤터,157,5,-152,-,-,38.9,42.2,0.0,-,스페인(71),영국(7),스웨덴(1),네덜란드(0),-,-,-,-,-,-,-,-,-,-,-,-,-,-,-,-,-,-,-,-,-,-,-,-,-,-,157,230.3,5,-,47,-38.8,-,-,77,111.8,-,-
165,몬테네그로,444,"1,257",812,-,-,31.9,58.4,0.0,-,중국(80),벨기에(70),독일(62),튀르키예(22),미국(8),스페인(6),스위스(4),일본(3),폴란드(2),포르투갈(2),세르비아(2),영국(1),프랑스(1),스웨덴(1),체코(1),태국(1),슬로베니아(1),러시아연방(1),멕시코(0),인도(0),슬로바키아(0),튀니지(0),싱가포르(0),말레이시아(0),오스트리아(0),헝가리(0),남아프리카공화국(0),-,-,-,444,129.2,"1,257",-62.5,194,9.5,"3,351",52.9,177,7.1,"2,191","509,363.5"
166,바누아투,319,-,-,-,-,139.9,3.2,0.0,-,중국(318),-,-,-,-,-,-,-,-,-,-,-,-,-,-,-,-,-,-,-,-,-,-,-,-,-,-,-,-,-,319,300.7,-,-,80,-73.4,-,-,300,"6,356.6",-,-
167,카이만제도,62,-,-,-,-,70.0,-69.8,0.0,-,미국(53),독일(4),스위스(0),-,-,-,-,-,-,-,-,-,-,-,-,-,-,-,-,-,-,-,-,-,-,-,-,-,-,-,62,-46.0,-,-,114,-83.2,1,-70.8,677,"6,475.0",2,-
168,그레나다,50,-,-,-,-,10.0,83.0,0.0,-,미국(27),영국(4),퀴라소(4),기타국(3),프랑스(2),브라질(1),중국(1),트리니다드토바고(1),일본(0),캐나다(0),-,-,-,-,-,-,-,-,-,-,-,-,-,-,-,-,-,-,-,-,50,-4.8,-,-,52,251.7,-,-,15,-58.7,0,137.8
169,수리남,94,98,3,-,-,5.3,-5.9,0.0,-,네덜란드(54),중국(22),미국(5),폴란드(2),퀴라소(2),독일(2),-,-,-,-,-,-,-,-,-,-,-,-,-,-,-,-,-,-,-,-,-,-,-,-,94,36.4,98,-,69,-35.1,-,-,107,45.7,4,54.4
170,폴리네시아(프),557,29,-528,4,0.8,19.8,11.4,0.0,-,중국(101),프랑스(93),미국(87),이탈리아(66),독일(19),일본(16),호주(7),한국(4),스위스(4),네덜란드(4),불가리아(3),뉴질랜드(3),튀니지(3),멕시코(2),슬로바키아(2),헝가리(2),태국(2),싱가포르(1),스웨덴(1),벨기에(1),아르헨티나(1),폴란드(1),인도(1),말레이시아(1),스페인(1),이스라엘(1),슬로베니아(0),세르비아(0),인도네시아(0),오스트리아(0),557,296.6,29,173.9,141,-68.7,11,-45.1,449,65.4,19,-61.7
171,괌,10,-,-,-,-,-2.7,27.9,0.0,-,싱가포르(3),-,-,-,-,-,-,-,-,-,-,-,-,-,-,-,-,-,-,-,-,-,-,-,-,-,-,-,-,-,10,-,-,-,-,-,-,-,6,-74.3,2,-
172,솔로몬,5,-,-,-,-,-31.3,-76.2,0.0,-,중국(4),-,-,-,-,-,-,-,-,-,-,-,-,-,-,-,-,-,-,-,-,-,-,-,-,-,-,-,-,-,5,-96.7,-,-,162,70.3,-,-,95,5.4,2,-88.7
173,뉴캘러도니아,354,30,-324,-,-,17.7,69.3,0.0,-,프랑스(97),미국(79),독일(13),중국(8),스페인(3),싱가포르(2),일본(2),영국(2),오스트리아(1),네덜란드(1),스위스(1),벨기에(0),튀르키예(0),-,-,-,-,-,-,-,-,-,-,-,-,-,-,-,-,-,354,90.2,30,-,186,50.7,-,-,124,16.9,5,-
174,산마리노,121,60,-61,-,-,26.6,1.1,0.0,-,중국(56),독일(28),덴마크(3),벨기에(1),폴란드(0),-,-,-,-,-,-,-,-,-,-,-,-,-,-,-,-,-,-,-,-,-,-,-,-,-,121,-57.6,60,329.1,285,141.1,14,-88.1,118,54.4,118,190.8
175,타지키스탄,281,-,-,-,-,62.0,111.5,0.0,-,중국(240),체코(19),튀르키예(1),-,-,-,-,-,-,-,-,-,-,-,-,-,-,-,-,-,-,-,-,-,-,-,-,-,-,-,281,132.9,-,-,121,92.1,-,-,63,-24.2,1,50.7
176,안도라,481,20,-461,-,-,70.0,290.4,0.0,-,중국(244),스페인(96),스위스(2),프랑스(2),스웨덴(1),독일(1),오스트리아(1),벨기에(1),헝가리(0),이탈리아(0),네덜란드(0),말레이시아(0),-,-,-,-,-,-,-,-,-,-,-,-,-,-,-,-,-,-,481,114.5,20,-,224,610.2,-,-,32,6.2,-,-
177,적도기니,28,-,-,-,-,0.4,32.3,0.0,-,미국(10),스페인(9),벨기에(0),-,-,-,-,-,-,-,-,-,-,-,-,-,-,-,-,-,-,-,-,-,-,-,-,-,-,-,28,402.0,-,-,6,-65.1,-,-,16,-81.9,-,-
178,"버진아일랜드,영",12,-,-,-,-,-58.0,86.8,0.0,-,미국(10),노르웨이(2),-,-,-,-,-,-,-,-,-,-,-,-,-,-,-,-,-,-,-,-,-,-,-,-,-,-,-,-,12,-55.7,-,-,28,688.0,-,-,4,"26,969.2",-,-
179,알바니아,320,37,-284,-,-,25.3,58.3,0.0,-,네덜란드(19),독일(15),중국(13),캐나다(13),몬테네그로(9),오스트리아(6),세르비아(6),스위스(5),헝가리(4),튀르키예(2),벨기에(2),홍콩(2),슬로베니아(1),체코(0),프랑스(0),폴란드(0),슬로바키아(0),노르웨이(0),-,-,-,-,-,-,-,-,-,-,-,-,320,38.6,37,"2,396.1",231,80.8,1,-10.4,128,-30.4,2,-58.4
180,버뮤다,49,14,-35,-,-,-10.3,16.3,0.0,-,스위스(17),노르웨이(9),미국(6),핀란드(3),캐나다(2),독일(2),영국(1),일본(1),중국(1),체코(1),태국(0),프랑스(0),-,-,-,-,-,-,-,-,-,-,-,-,-,-,-,-,-,-,49,-39.4,14,-67.0,81,123.2,43,-,36,-10.9,-,-
181,벨리즈,54,18,-36,-,-,-15.6,-6.8,0.0,-,미국(41),독일(4),중국(4),과테말라(3),스위스(1),아랍에미리트(0),홍콩(0),파나마(0),체코(0),캐나다(0),남아프리카공화국(0),-,-,-,-,-,-,-,-,-,-,-,-,-,-,-,-,-,-,-,54,23.8,18,-,44,-29.9,-,-,63,10.7,-,-
182,페로 제도,52,4,-48,-,-,46.4,34.8,0.0,-,노르웨이(45),덴마크(2),독일(1),-,-,-,-,-,-,-,-,-,-,-,-,-,-,-,-,-,-,-,-,-,-,-,-,-,-,-,52,-43.0,4,-78.1,90,219.0,18,"5,423.7",28,-28.2,0,339.2
183,마샬 제도,41,-,-,-,-,1.4,-19.7,0.0,-,미국(27),중국(5),일본(4),네덜란드(2),튀르키예(0),-,-,-,-,-,-,-,-,-,-,-,-,-,-,-,-,-,-,-,-,-,-,-,-,-,41,31.9,-,-,31,-51.1,-,-,63,980.3,0,-
184,에리트레아,12,1,-11,-,-,-37.2,-74.8,0.0,-,네덜란드(4),중국(3),-,-,-,-,-,-,-,-,-,-,-,-,-,-,-,-,-,-,-,-,-,-,-,-,-,-,-,-,12,-2.2,1,-,12,-93.5,-,-,190,688.7,-,-
185,터크스케이커스제도,333,-,-,-,-,38.1,145.5,0.0,-,미국(331),중국(2),-,-,-,-,-,-,-,-,-,-,-,-,-,-,-,-,-,-,-,-,-,-,-,-,-,-,-,-,333,273.1,-,-,89,61.5,-,-,55,727.5,-,-
186,신트마르턴(네),32,2,-30,-,-,-39.2,76.2,0.0,-,미국(32),-,-,-,-,-,-,-,-,-,-,-,-,-,-,-,-,-,-,-,-,-,-,-,-,-,-,-,-,-,32,997.0,2,-,3,-71.7,-,-,10,-52.6,-,-
187,세인트빈센트,14,-,-,-,-,-2.9,39.4,0.0,-,독일(6),중국(1),-,-,-,-,-,-,-,-,-,-,-,-,-,-,-,-,-,-,-,-,-,-,-,-,-,-,-,-,14,-76.4,-,-,59,723.1,0,-,7,-87.4,-,-
188,바베이도스,328,0,-328,1,0.2,1.0,9.1,0.0,-,중국(174),미국(95),콜롬비아(14),독일(13),이탈리아(7),프랑스(4),트리니다드토바고(3),영국(3),스위스(2),멕시코(1),자메이카(1),홍콩(1),일본(1),한국(1),이스라엘(0),세인트루시아(0),에스토니아(0),아일랜드(0),-,-,-,-,-,-,-,-,-,-,-,-,328,219.2,0,-,103,-62.7,-,-,275,4.9,-,-
189,감비아,8,-,-,-,-,-33.3,-61.6,0.0,-,중국(2),튀르키예(2),인도(1),독일(1),-,-,-,-,-,-,-,-,-,-,-,-,-,-,-,-,-,-,-,-,-,-,-,-,-,-,8,-82.3,-,-,43,-17.0,-,-,52,-62.8,-,-
190,카보베르데,7,0,-7,-,-,-21.1,-56.9,0.0,-,중국(2),-,-,-,-,-,-,-,-,-,-,-,-,-,-,-,-,-,-,-,-,-,-,-,-,-,-,-,-,-,7,-18.4,0,-,9,-77.2,-,-,39,139.9,5,"5,131.3"
191,아루바,71,-,-,-,-,13.4,26.9,0.0,-,미국(42),독일(13),중국(3),인도(0),-,-,-,-,-,-,-,-,-,-,-,-,-,-,-,-,-,-,-,-,-,-,-,-,-,-,71,-46.7,-,-,133,201.8,-,-,44,1.3,0,-
192,세인트키츠앤네비스,53,0,-52,-,-,43.1,197.0,0.0,-,중국(38),미국(7),네덜란드(3),-,-,-,-,-,-,-,-,-,-,-,-,-,-,-,-,-,-,-,-,-,-,-,-,-,-,-,53,58.0,0,-,33,458.4,-,-,6,-44.3,-,-
193,도미니카,4,-,-,-,-,-33.9,-75.1,0.0,-,미국(3),오스트리아(0),중국(0),-,-,-,-,-,-,-,-,-,-,-,-,-,-,-,-,-,-,-,-,-,-,-,-,-,-,-,4,-94.2,-,-,62,6.8,-,-,58,-50.9,-,-
194,세인트루시아,13,-,-,-,-,-46.6,31.6,0.0,-,미국(7),독일(2),중국(2),튀르키예(0),-,-,-,-,-,-,-,-,-,-,-,-,-,-,-,-,-,-,-,-,-,-,-,-,-,-,13,-49.4,-,-,25,241.9,-,-,7,-85.0,0,-99.2
195,팔레스타인,48,-,-,-,-,-42.2,-73.7,0.0,-,독일(21),중국(2),체코(1),스위스(1),튀르키예(0),프랑스(0),-,-,-,-,-,-,-,-,-,-,-,-,-,-,-,-,-,-,-,-,-,-,-,-,48,119.8,-,-,22,-96.9,-,-,691,61.2,4,-57.1
196,코모로,11,-,-,-,-,37.4,-15.7,0.0,-,독일(5),중국(2),프랑스(0),-,-,-,-,-,-,-,-,-,-,-,-,-,-,-,-,-,-,-,-,-,-,-,-,-,-,-,11,"2,444.9",-,-,0,-97.2,-,-,16,868.1,-,-
197,에스와티니,-,22,-,-,-,-,-,-,-,-,-,-,-,-,-,-,-,-,-,-,-,-,-,-,-,-,-,-,-,-,-,-,-,-,-,-,-,-,-,-,-,22,101.2,6,-86.7,11,-97.9,47,1.2,510,"2,415.9"
198,대만,-,-,-,-,-,-,-,-,-,-,-,-,-,-,-,-,-,-,-,-,-,-,-,-,-,-,-,-,-,-,-,-,-,-,-,-,-,-,-,-,-,-,-,"224,261",28.6,"258,083",38.6,"174,330",-7.0,"186,188",-4.7
199,앤티가바부다,13,10,-3,-,-,-24.4,97.8,0.0,-,미국(12),중국(1),-,-,-,-,-,-,-,-,-,-,-,-,-,-,-,-,-,-,-,-,-,-,-,-,-,-,-,-,13,-40.1,10,-,22,552.7,-,-,3,-95.4,-,-
200,콩고,31,-,-,-,-,-9.6,-44.3,0.0,-,중국(10),독일(4),네덜란드(3),프랑스(2),벨기에(0),-,-,-,-,-,-,-,-,-,-,-,-,-,-,-,-,-,-,-,-,-,-,-,-,-,31,-20.3,-,-,39,-61.1,6,-85.8,99,-33.4,45,-30.1
201,그린란드,77,30,-47,-,-,33.8,6.3,0.0,-,덴마크(34),네덜란드(3),캐나다(1),노르웨이(0),-,-,-,-,-,-,-,-,-,-,-,-,-,-,-,-,-,-,-,-,-,-,-,-,-,-,77,371.7,30,"37,320.3",16,-76.1,0,-,68,158.8,-,-
202,상투메 프린시페,77,-,-,-,-,34.9,140.1,0.0,-,포르투갈(38),중국(8),앙골라(1),적도기니(0),-,독일(0),-,-,-,-,-,-,-,-,-,-,-,-,-,-,-,-,-,-,-,-,-,-,-,-,77,267.8,-,-,21,56.8,0,427.9,13,47.7,0,-64.2
203,마크로네시아,0,-,-,-,-,-48.6,-,0.0,-,중국(0),-,-,-,-,-,-,-,-,-,-,-,-,-,-,-,-,-,-,-,-,-,-,-,-,-,-,-,-,-,0,-83.4,-,-,3,-,-,-,-,-,-,-
204,키리바시,3,-,-,-,-,-5.9,7.8,0.0,-,중국(3),-,-,-,-,-,-,-,-,-,-,-,-,-,-,-,-,-,-,-,-,-,-,-,-,-,-,-,-,-,3,-29.8,-,-,4,65.6,-,-,3,-72.6,-,-
205,통가,-,-,-,-,-,-,-,-,-,-,-,-,-,-,-,-,-,-,-,-,-,-,-,-,-,-,-,-,-,-,-,-,-,-,-,-,-,-,-,-,-,-,-,1,-,-,-,-,-,-,-
206,미국령사모아,-,-,-,-,-,-,-,-,-,-,-,-,-,-,-,-,-,-,-,-,-,-,-,-,-,-,-,-,-,-,-,-,-,-,-,-,-,-,-,-,-,-,-,-,-,4,-,-,-,-,-
207,북마리아나제도,-,-,-,-,-,-,-,-,-,-,-,-,-,-,-,-,-,-,-,-,-,-,-,-,-,-,-,-,-,-,-,-,-,-,-,-,-,-,-,-,-,-,-,-,-,-,-,-,-,-,-
208,보네르 섬,-,1,-,-,-,-,-,-,-,-,-,-,-,-,-,-,-,-,-,-,-,-,-,-,-,-,-,-,-,-,-,-,-,-,-,-,-,-,-,-,-,1,-,8,"2,081.9",-,-,0,-88.0,-,-
209,팔라우,10,-,-,-,-,-34.6,-27.1,0.0,-,일본(10),중국(0),-,-,-,-,-,-,-,-,-,-,-,-,-,-,-,-,-,-,-,-,-,-,-,-,-,-,-,-,10,769.3,-,-,1,-93.9,-,-,19,-39.6,-,-
210,"월리스,후투나",-,-,-,-,-,-,-,-,-,-,-,-,-,-,-,-,-,-,-,-,-,-,-,-,-,-,-,-,-,-,-,-,-,-,-,-,-,-,-,-,-,-,-,1,-,-,-,-,-,-,-
211,쿡제도,-,-,-,-,-,-,-,-,-,-,-,-,-,-,-,-,-,-,-,-,-,-,-,-,-,-,-,-,-,-,-,-,-,-,-,-,-,-,-,-,-,-,-,0,-,-,-,-,-,0,-94.5
212,앙귈라,8,0,-8,-,-,-33.3,-,0.0,-,미국(6),오스트리아(1),-,-,-,-,-,-,-,-,-,-,-,-,-,-,-,-,-,-,-,-,-,-,-,-,-,-,-,-,8,-,0,-,-,-,-,-,-,-,-,-
213,포클랜드 제도,-,-,-,-,-,-,-,-,-,-,-,-,-,-,-,-,-,-,-,-,-,-,-,-,-,-,-,-,-,-,-,-,-,-,-,-,-,-,-,-,-,-,-,-,-,-,-,-,-,5,32.5
214,생피에르미클롱,1,-,-,-,-,-,63.8,0.0,-,캐나다(1),프랑스(0),-,-,-,-,-,-,-,-,-,-,-,-,-,-,-,-,-,-,-,-,-,-,-,-,-,-,-,-,1,"4,062.1",-,-,0,-93.6,-,-,0,-97.7,-,-
215,남극,-,-,-,-,-,-,-,-,-,-,-,-,-,-,-,-,-,-,-,-,-,-,-,-,-,-,-,-,-,-,-,-,-,-,-,-,-,-,-,-,-,-,-,-,-,-,-,2,-,-,-
216,영국령 인도양 지역,-,-,-,-,-,-,-,-,-,-,-,-,-,-,-,-,-,-,-,-,-,-,-,-,-,-,-,-,-,-,-,-,-,-,-,-,-,-,-,-,-,-,-,-,-,-,-,-,-,-,-
217,보빗 군도,-,-,-,-,-,-,-,-,-,-,-,-,-,-,-,-,-,-,-,-,-,-,-,-,-,-,-,-,-,-,-,-,-,-,-,-,-,-,-,-,-,-,-,-,-,-,-,-,-,-,-
218,허드맥도날드제도,-,-,-,-,-,-,-,-,-,-,-,-,-,-,-,-,-,-,-,-,-,-,-,-,-,-,-,-,-,-,-,-,-,-,-,-,-,-,-,-,-,-,-,-,-,-,-,-,-,-,-
219,성 샌드위치섬,-,-,-,-,-,-,-,-,-,-,-,-,-,-,-,-,-,-,-,-,-,-,-,-,-,-,-,-,-,-,-,-,-,-,-,-,-,-,-,-,-,-,-,-,-,-,-,-,-,-,-
220,바티칸시,-,-,-,-,-,-,-,-,-,-,-,-,-,-,-,-,-,-,-,-,-,-,-,-,-,-,-,-,-,-,-,-,-,-,-,-,-,-,-,-,-,-,-,-,-,-,-,-,-,-,-
221,세인트헬레나,-,0,-,-,-,-,-,-,-,-,-,-,-,-,-,-,-,-,-,-,-,-,-,-,-,-,-,-,-,-,-,-,-,-,-,-,-,-,-,-,-,0,-,-,-,-,-,-,-,-,-
222,니우에섬,13,2,-11,-,-,-,-,0.0,-,미국(13),-,-,-,-,-,-,-,-,-,-,-,-,-,-,-,-,-,-,-,-,-,-,-,-,-,-,-,-,-,13,-,2,-,-,-,-,-,-,-,-,-
223,노퍽섬,-,-,-,-,-,-,-,-,-,-,-,-,-,-,-,-,-,-,-,-,-,-,-,-,-,-,-,-,-,-,-,-,-,-,-,-,-,-,-,-,-,-,-,-,-,-,-,-,-,-,-
224,몬세라트,1,2,1,-,-,-,-71.4,0.0,-,미국(0),퀴라소(0),-,-,-,-,-,-,-,-,-,-,-,-,-,-,-,-,-,-,-,-,-,-,-,-,-,-,-,-,1,-,2,174.6,-,-,1,244.2,8,750.6,0,-95.9
225,토클로 제도,-,1,-,-,-,-,-,-,-,-,-,-,-,-,-,-,-,-,-,-,-,-,-,-,-,-,-,-,-,-,-,-,-,-,-,-,-,-,-,-,-,1,-,-,-,-,-,-,-,-,-
226,서사하라,-,-,-,-,-,-,-,-,-,-,-,-,-,-,-,-,-,-,-,-,-,-,-,-,-,-,-,-,-,-,-,-,-,-,-,-,-,-,-,-,-,-,-,-,-,-,-,-,-,-,-
227,핏케언섬,5,-,-,-,-,-,-,0.0,-,싱가포르(3),-,-,-,-,-,-,-,-,-,-,-,-,-,-,-,-,-,-,-,-,-,-,-,-,-,-,-,-,-,5,-,-,-,-,-,-,-,-,-,-,-
228,크리스마스 섬,-,26,-,-,-,-,-,-,-,-,-,-,-,-,-,-,-,-,-,-,-,-,-,-,-,-,-,-,-,-,-,-,-,-,-,-,-,-,-,-,-,26,-,-,-,-,-,-,-,-,-
229,코코넛섬,-,-,-,-,-,-,-,-,-,-,-,-,-,-,-,-,-,-,-,-,-,-,-,-,-,-,-,-,-,-,-,-,-,-,-,-,-,-,-,-,-,-,-,-,-,-,-,-,-,2,-
230,투발루,-,-,-,-,-,-,-,-,-,-,-,-,-,-,-,-,-,-,-,-,-,-,-,-,-,-,-,-,-,-,-,-,-,-,-,-,-,-,-,-,-,-,-,0,-,-,-,-,-,-,-
231,나우루,-,2,-,-,-,-,-,-,-,-,-,-,-,-,-,-,-,-,-,-,-,-,-,-,-,-,-,-,-,-,-,-,-,-,-,-,-,-,-,-,-,2,-,-,-,-,-,-,-,-,-
