책이름,저자,출판사,출간일,가격
Do it! 점프 투 파이썬,박응용,이지스퍼블리싱,2019년 06월,"16,920"
혼자 공부하는 머신러닝+딥러닝,박해선,한빛미디어,2020년 12월,"23,400"
혼자 공부하는 파이썬,윤인성,한빛미디어,2019년 06월,"16,200"
이것이 취업을 위한 코딩 테스트다 with 파이썬 ,나동빈,한빛미디어,2020년 08월,"30,600"
비전공자도 이해할 수 있는 AI 지식,박상길,반니,2022년 03월,"17,820"
밑바닥부터 시작하는 딥러닝 ,사이토 고키,한빛미디어,2017년 01월,"21,600"
모두의 데이터 분석 with 파이썬,송석리,길벗,2019년 04월,"16,200"
핸즈온 머신러닝,오렐리앙 제롱,한빛미디어,2020년 05월,"49,500"
만들면서 배우는 파이썬과 40개의 작품들,장문철,앤써북,2022년 02월,"16,920"
파이썬 알고리즘 인터뷰,박상길,책만,2020년 07월,"34,200"
두근두근 파이썬,천인국,생능출판사,2017년 01월,"22,800"
Do it! 파이썬 생활 프로그래밍,김창현,이지스퍼블리싱,2020년 07월,"18,000"
Do it! 자료구조와 함께 배우는 알고리즘 입문 : 파이썬 편,시바타 보요,이지스퍼블리싱,2020년 07월,"19,800"
"일잘러의 비밀, 엑셀 대신 파이썬으로 업무 자동화하기",포스코인재창조원,한빛미디어,2022년 05월,"21,600"
Do it! 첫 파이썬,엘리스 코딩,이지스퍼블리싱,2020년 04월,"12,600"
파이썬 머신러닝 완벽 가이드,권철민,위키북스,2020년 02월,"34,200"
파이썬 증권 데이터 분석 ,김황후,한빛미디어,2020년 07월,"28,800"
모두가 할 수 있는 앱 인벤터로 11개 인공지능 앱 만들기,박지숙,앤써북,2021년 06월,"13,050"
모두의 파이썬,이승찬,길벗,2018년 10월,"10,800"
혼자 공부하는 첫 프로그래밍 with 파이썬 ,문현일,한빛미디어,2020년 06월,"15,300"
밑바닥부터 시작하는 딥러닝 2,사이토 고키,한빛미디어,2019년 05월,"26,100"
모두의 인공지능 기초 수학,서지영,길벗,2020년 08월,"22,500"
모두의 딥러닝,조태호,길벗,2020년 01월,"21,600"
파이썬을 이용한 비트코인 자동매매,조대표,파이스탁,2021년 03월,"24,300"
파이썬 머신러닝 판다스 데이터 분석,오승환,정보문화사,2019년 06월,"22,500"
"머신 러닝 교과서 with 파이썬, 사이킷런, 텐서플로",세바스찬 라시카,길벗,2021년 03월,"39,600"
밑바닥부터 시작하는 딥러닝 3,사이토 고키,한빛미디어,2020년 11월,"34,200"
Do it! 첫 코딩 with 파이썬,정동균,이지스퍼블리싱,2021년 01월,"16,200"
파이썬 코딩의 기술(개정2판),브렛 슬라킨,길벗,2020년 10월,"28,800"
실전 시계열 분석,에일린 닐슨,한빛미디어,2021년 04월,"34,200"
파이썬 코딩 도장,남재윤,길벗,2018년 11월,"22,500"
모두의 인공지능 with 파이썬,이영호,길벗,2020년 12월,"19,800"
Do it! 딥러닝 입문,박해선,이지스퍼블리싱,2019년 09월,"17,820"
쉽게 따라 만드는 파이썬 주식 자동매매 시스템,박준성,길벗,2021년 10월,"25,200"
데이터 과학을 위한 통계,피터 브루스,한빛미디어,2021년 05월,"30,600"
Do it! 장고+부트스트랩 파이썬 웹 개발의 정석,이성용,이지스퍼블리싱,2021년 01월,"28,800"
6개월 치 업무를 하루 만에 끝내는 업무 자동화,반병현,생능출판사,2020년 12월,"25,200"
선형대수와 통계학으로 배우는 머신러닝 with 파이썬,장철원,비제이퍼블릭(BJ퍼블릭),2021년 01월,"33,750"
파이썬 for Beginner,우재남,한빛아카데미,2022년 01월,"25,000"
모두의 라즈베리 파이 with 파이썬,이시이 모루나,길벗,2019년 01월,"23,400"
파이썬 라이브러리를 활용한 데이터 분석,웨스 맥키니,한빛미디어,2019년 05월,"31,500"
파워 유저를 위한 파이썬 EXPRESS,천인국,생능출판사,2020년 11월,"30,000"
따라하며 배우는 파이썬과 데이터 과학,천인국,생능출판사,2020년 12월,"26,000"
시간순삭 파이썬,천인국,생능북스,2020년 08월,"19,800"
Let’s Get IT 파이썬 프로그래밍,안지혜,길벗,2021년 07월,"19,800"
머신러닝 디자인 패턴,발리아파 락슈마난,한빛미디어,2021년 11월,"34,200"
케라스 창시자에게 배우는 딥러닝,프랑소와 숄레,길벗,2018년 10월,"29,700"
모두의 딥러닝,조태호,길벗,2022년 03월,"21,600"
생활코딩 머신러닝 실습편 with 오렌지 3,이고잉,위키북스,2021년 07월,"13,500"
파이썬으로 살펴보는 아키텍처 패턴,해리 퍼시벌,한빛미디어,2021년 06월,"28,800"
파이썬 for Beginner,우재남,한빛아카데미,2020년 01월,"23,000"
파이썬으로 만드는 인공지능,오일석,한빛아카데미,2021년 01월,"31,000"
fastai와 파이토치가 만나 꽃피운 딥러닝,제러미 하워드,한빛미디어,2021년 08월,"39,600"
데이터 과학 기반의 파이썬 빅데이터 분석,이지영,한빛아카데미,2020년 12월,"28,000"
한 줄씩 따라 해보는 파이토치 딥러닝 프로젝트 모음집,이경택,비제이퍼블릭(BJ퍼블릭),2021년 07월,"26,100"
미국 주식으로 시작하는 슬기로운 퀀트투자,김용환,한빛미디어,2021년 09월,"28,800"
바이오파이썬으로 만나는 생물정보학,한주현,비제이퍼블릭(BJ퍼블릭),2019년 03월,"23,400"
이것이 데이터 분석이다 with 파이썬,윤기태,한빛미디어,2020년 02월,"25,200"
퀀트 투자를 위한 머신러닝·딥러닝 알고리듬 트레이딩 2/e,스테판 젠슨,에이콘출판사,2021년 09월,"45,000"
파이썬 머신러닝 완벽 가이드,권철민,위키북스,2022년 04월,"36,000"
만들면서 배우는 파이토치 딥러닝,오가와 유타로,한빛미디어,2021년 08월,"36,000"
똑똑한 파이썬,황재호,인포앤북,2021년 06월,"16,200"
Do it! 데이터 분석을 위한 판다스 입문,다니엘 첸,이지스퍼블리싱,2018년 10월,"15,300"
파이토치로 배우는 자연어 처리,델립 라오,한빛미디어,2021년 06월,"23,400"
Do it! 점프 투 장고,박응용,이지스퍼블리싱,2021년 01월,"17,820"
파이썬 라이브러리를 활용한 머신러닝,안드레아스 뮐러,한빛미디어,2019년 03월,"28,800"
Must Have 머신러닝·딥러닝 문제해결 전략,신백균,골든래빗,2022년 04월,"34,200"
파이썬으로 배우는 컴퓨팅 사고,김완섭,인피니티북스,2020년 02월,"17,000"
파이썬 생활밀착형 프로젝트,김효실,로드북,2021년 06월,"22,500"
파이썬으로 배우는 게임 개발 입문편,히로세 츠요시,제이펍,2020년 10월,"25,200"
파이썬 라이브러리를 활용한 머신러닝,안드레아스 뮐러,한빛미디어,2022년 02월,"29,700"
C#과 파이썬을 활용한 OpenCV 4 프로그래밍,윤대희,위키북스,2021년 04월,"32,400"
게임으로 배우는 파이썬,다나카 겐이치로,영진닷컴,2019년 03월,"15,300"
일 잘하는 직장인을 위한 엑셀 자동화 with 파이썬,최은석,위키북스,2020년 11월,"27,000"
Do it! 딥러닝 교과서,윤성진,이지스퍼블리싱,2021년 10월,"25,200"
인공지능,천인국,인피니티북스,2020년 02월,"30,000"
데이터 과학을 위한 파이썬 프로그래밍,최성철,한빛아카데미,2019년 01월,"25,000"
모두의 알고리즘 with 파이썬,이승찬,길벗,2017년 05월,"14,400"
으뜸 파이썬,박동규,생능출판사,2020년 02월,"32,000"
파이썬 딥러닝 파이토치 (Python Deep Learning PyTorch),이경택,정보문화사,2020년 10월,"22,500"
파이썬 해킹 레시피,공재웅,비제이퍼블릭(BJ퍼블릭),2021년 06월,"23,400"
난생처음 파이썬 프로그래밍,우재남,한빛아카데미,2021년 06월,"24,000"
파이썬 클린 코드 ,마리아노 아나야,터닝포인트,2019년 02월,"25,200"
윤성우의 열혈 파이썬 기초편,윤성우,오렌지미디어,2018년 11월,"14,400"
난생처음 컴퓨팅 사고 with 파이썬,김명호,한빛아카데미,2021년 01월,"23,000"
딥러닝 텐서플로 교과서,서지영,길벗,2021년 04월,"25,200"
파이썬 딥러닝 텐서플로,오승환,정보문화사,2021년 06월,"24,300"
고성능 파이썬,미샤 고렐릭,한빛미디어,2021년 05월,"32,400"
암호화폐 자동매매 시스템 만들기 with 파이썬,정성문,로드북,2022년 03월,"31,500"
한 권으로 끝내는 아두이노와 파이썬으로 52개 작품 만들기,장문철,앤써북,2022년 03월,"19,800"
처음 배우는 딥러닝 챗봇,조경래,한빛미디어,2020년 11월,"23,400"
윤성우의 열혈 파이썬 중급편,윤성우,오렌지미디어,2019년 10월,"14,400"
파이썬으로 쉽게 풀어쓴 자료구조,최영규,생능출판사,2020년 02월,"27,000"
OpenCV-Python으로 배우는 영상처리 및 응용,정성환,생능출판사,2020년 11월,"35,000"
전문가를 위한 파이썬 ,루시아누 하말류,한빛미디어,2016년 08월,"49,500"
파이썬 웹 프로그래밍,김석훈,한빛미디어,2018년 08월,"19,800"
파이썬 무작정 따라하기,서승희,길벗,2021년 12월,"14,400"
Do it! 점프 투 플라스크,박응용,이지스퍼블리싱,2020년 11월,"17,820"
머신러닝 파워드 애플리케이션,에마뉘엘 아메장,한빛미디어,2021년 09월,"24,300"
쉬운 딥러닝,반병현,생능북스,2021년 04월,"18,000"
처음 만나는 AI 수학 with Python,아즈마 유키나가,영진닷컴,2021년 01월,"20,700"
처음 시작하는 파이썬,빌 루바노빅,한빛미디어,2020년 08월,"32,400"
한국어 임베딩,이기창,에이콘출판사,2019년 09월,"31,500"
생활코딩 머신러닝 이론편 ,이고잉,위키북스,2021년 07월,"11,700"
데이터 과학을 위한 기초수학 with 파이썬,이병준,한빛아카데미,2021년 01월,"24,700"
파이썬을 이용한 데이터 분석의 정석,채진석,루비페이퍼,2021년 06월,"28,800"
파이썬 한권으로 끝내기,데싸라면,시대고시기획 시대교육,2022년 06월,"24,300"
"데이터가 뛰어노는 AI 놀이터, 캐글",가도와키 다이스케,한빛미디어,2021년 05월,"31,500"
미술관에 GAN 딥러닝 실전 프로젝트,데이비드 포스터,한빛미디어,2019년 11월,"28,800"
살아 움직이는 머신러닝 파이프라인 설계,하네스 하프케,한빛미디어,2021년 10월,"28,800"
엑셀이 편해지는 파이썬,펠릭스 춤슈타인,한빛미디어,2022년 04월,"25,200"
파이썬 딥러닝 머신러닝 입문,오승환,정보문화사,2021년 01월,"22,500"
코드업과 함께 하는 파이썬&문제 해결,배준호,삼양미디어,2020년 11월,"14,400"
"파이썬 웹 프로그래밍, 실전편 ",김석훈,한빛미디어,2019년 11월,"28,800"
파이썬으로 만드는 OpenCV 프로젝트,이세우,인사이트(insight),2019년 03월,"32,400"
어서와 파이썬은 처음이지!,천인국,인피니티북스,2016년 08월,"29,000"
파이썬 GUI 프로그래밍 쿡북 3/e,부르크하르트 메이어,에이콘출판사,2021년 09월,"31,500"
파이토치 첫걸음,최건호,한빛미디어,2019년 06월,"20,700"
파이썬 텍스트 마이닝 완벽 가이드,박상언,위키북스,2022년 02월,"25,200"
모두의 파이썬&알고리즘 합본호,이승찬,길벗,2018년 12월,"23,400"
동시성 프로그래밍,다카노 유키,한빛미디어,2022년 04월,"30,600"
파이썬 데이터 분석 실무 테크닉 100,시모야마 테루마사,위키북스,2020년 07월,"23,400"
GAN 첫걸음,타리크 라시드,한빛미디어,2021년 03월,"22,500"
머신러닝 시스템 디자인 패턴,시부이 유우스케,위키북스,2021년 11월,"28,800"
파이썬으로 하는 데브옵스 ,노아 기프트,에이콘출판사,2021년 06월,"36,000"
Python으로 시작하는 빅데이터분석 및 인공지능,조준모,인피니티북스,2021년 02월,"26,000"
컴퓨팅 기반 문제해결 with 파이썬,장은실,인피니티북스,2022년 01월,"20,000"
파이썬 입문,황재호,인포앤북,2020년 06월,"22,500"
"파이썬 기반의 AI를 위한 기초수학, 확률 및 통계",강봉주,자유아카데미,2020년 03월,"32,000"
딥러닝 EXPRESS,천인국,생능출판사,2021년 07월,"28,000"
파이썬을 이용한 딥러닝/강화학습 주식투자,퀀티랩,위키북스,2022년 03월,"27,000"
파이썬으로 배우는 알고리즘 트레이딩,조대표,위키북스,2019년 03월,"36,000"
알고리즘 구현으로 배우는 선형대수 with 파이썬,장철원,비제이퍼블릭(BJ퍼블릭),2021년 12월,"30,600"
딥러닝을 위한 파이토치 입문,딥러닝호형,영진닷컴,2022년 01월,"22,500"
파이썬으로 배우는 포트폴리오,곽승주,길벗,2021년 03월,"23,400"
퀀트 전략을 위한 인공지능 트레이딩,김태헌,한빛미디어,2020년 08월,"25,200"
파이썬으로 데이터 주무르기,민형기,비제이퍼블릭(BJ퍼블릭),2017년 12월,"24,750"
으뜸 머신러닝,강영민,생능출판사,2021년 07월,"29,000"
텔로에듀 TT 드론코딩 AtoZ,김형준,구미서관,2022년 01월,"23,000"
김기현의 자연어 처리 딥러닝 캠프 파이토치 편,김기현,한빛미디어,2019년 07월,"34,200"
파이썬과 케라스를 이용한 딥러닝/강화학습 주식투자,퀀티랩,위키북스,2020년 04월,"25,200"
초소형 머신러닝 TinyML,피트 워든,한빛미디어,2020년 08월,"36,000"
파이썬 자료구조와 알고리즘 for Beginner,우재남,한빛아카데미,2021년 01월,"27,000"
파이썬과 케라스로 배우는 강화학습,이웅원,위키북스,2020년 04월,"25,200"
코딩과 스토리텔링,백성욱,생능출판사,2021년 03월,"25,000"
텐서플로 2와 머신러닝으로 시작하는 자연어 처리,전창욱,위키북스,2020년 09월,"31,500"
직장인을 위한 데이터 분석 실무 with 파이썬 (개정판),이형석,위키북스,2020년 11월,"25,200"
초보자를 위한 파이썬 200제,장삼용,정보문화사,2017년 02월,"18,000"
당신의 칼퇴를 도와주는 UiPath 업무 자동화,김수환,비제이퍼블릭(BJ퍼블릭),2021년 07월,"25,200"
파이썬 스킬 업,브라이언 오버랜드,길벗,2021년 05월,"36,000"
실전 알고리즘 트레이딩 배우기 ,세바스티앙 도나디오,에이콘출판사,2021년 02월,"31,500"
파이썬과 함께하는 자료구조의 이해,양성봉,생능출판사,2018년 01월,"25,000"
손에 잡히는 퀀트 투자 with 파이썬,GIL's LAB,위키북스,2022년 02월,"28,800"
파이썬을 이용한 인터랙티브 대시보드 만들기,홍성준,BOOKK(부크크),2021년 06월,"32,800"
파이썬으로 무인도 탈출하기,박정호,생능출판사,2019년 08월,"12,600"
학교에서 알려주지 않는 17가지 실무 개발 기술,이기곤,한빛미디어,2020년 04월,"18,000"
한 권으로 끝내는 파이썬 인공지능 입문+실전 [종합편],서민우,앤써북,2021년 09월,"20,700"
Do it! 점프 투 파이썬 라이브러리 예제 편,박응용,이지스퍼블리싱,2022년 05월,"23,400"
한 권으로 다지는 머신러닝&딥러닝 with 파이썬,알베르토 아르타산체스,한빛미디어,2021년 10월,"36,000"
엑셀과 비교하며 배우는 파이썬 데이터 분석,장쥔홍,제이펍,2021년 06월,"21,600"
파이썬 ,우재남,한빛아카데미,2016년 07월,"22,000"
파이썬 데이터 사이언스 핸드북,제이크 밴더플래스,위키북스,2017년 09월,"34,200"
파이썬을 이용한 알고리즘 트레이딩,이브스 힐피쉬,제이펍,2021년 07월,"26,100"
비전 시스템을 위한 딥러닝,모하메드 엘겐디,한빛미디어,2021년 12월,"34,200"
파이썬 알고리즘,최영규,생능출판사,2021년 01월,"27,000"
파이썬으로 웹 크롤러 만들기,라이언 미첼,한빛미디어,2019년 03월,"22,500"
머신 러닝·딥 러닝에 필요한 기초 수학 with 파이썬,조준우,인사이트(insight),2020년 11월,"24,300"
Introduction to 파이썬,황재호,인포앤북,2021년 03월,"22,500"
컴퓨팅 사고와 함께하는 파이썬 기초부터 인공지능 응용까지,김성백,연두에디션,2019년 12월,"24,000"
자기주도 파이썬,한컴에듀케이션 알고리즘연구소,복두출판사,2021년 07월,"16,000"
파이썬으로 배우는 게임 개발 실전편,히로세 츠요시,제이펍,2020년 11월,"27,000"
XGBoost와 사이킷런을 활용한 그레이디언트 부스팅 ,코리 웨이드,한빛미디어,2022년 04월,"30,600"
파이썬으로 만드는 나만의 게임,이수안,비제이퍼블릭(BJ퍼블릭),2022년 01월,"22,500"
파이썬 챌린지,니콜라 레이시,제이펍,2021년 05월,"10,080"
실무에 바로 적용하는 파이썬 코드 레시피 302,구로즈미 다카유키,제이펍,2022년 04월,"28,800"
파이썬과 리액트를 활용한 주식 자동거래 시스템 구축,박재현,위키북스,2020년 02월,"25,200"
Two Scoops of Django,대니얼 로이 그린펠드,인사이트(insight),2016년 08월,"28,800"
텐서플로 2와 머신러닝으로 시작하는 자연어 처리,전창욱,위키북스,2022년 03월,"32,400"
파이썬 비동기 라이브러리 Asyncio,케일럽 해팅,한빛미디어,2021년 05월,"16,200"
쉽게 시작하는 캐글 데이터 분석,시노다 히로유키,길벗,2021년 09월,"19,800"
파이썬으로 배우는 디지털 신호처리,하석운,생능출판사,2020년 06월,"26,000"
깔끔한 파이썬 탄탄한 백엔드,송은우,비제이퍼블릭(BJ퍼블릭),2019년 01월,"24,300"
파이썬 데이터 과학 통계 학습,황보현우,정보문화사,2021년 05월,"26,100"
라즈베리파이4로 구현하는 사물인터넷(IoT)과 인공지능(AI),김경연,광문각,2021년 02월,"26,000"
그림으로 배우는 파이썬,다카하시 마나,영진닷컴,2021년 11월,"16,200"
Do it! 강화 학습 입문,조규남,이지스퍼블리싱,2021년 06월,"19,800"
딥러닝 머신러닝을 위한 파이썬 넘파이,문용준,잇플ITPLE,2020년 06월,"31,500"
케라스로 구현하는 딥러닝,김성진,한빛미디어,2022년 04월,"27,000"
Python으로 배우는 문제해결과 인공지능,김현정,인피니티북스,2021년 02월,"23,000"
아두이노로 코딩하며 배우는 딥러닝,서민우,앤써북,2021년 06월,"18,720"
잡아라! 텍스트 마이닝 with 파이썬,서대호,비제이퍼블릭(BJ퍼블릭),2019년 04월,"15,300"
파이썬을 이용한 웹 크롤링과 스크레이핑,카토 코타,위키북스,2018년 03월,"27,000"
파이썬 매일 코딩,루벤 M. 러너,길벗,2021년 11월,"19,800"
파이썬을 활용한 나만의 RPA 만들기 (2021),안정국,삼일인포마인,2021년 01월,"25,000"
데이터 분석을 위한 파이썬 철저 입문,최은석,위키북스,2019년 04월,"25,200"
머신러닝을 활용한 웹 최적화,이쓰카 슈헤이,한빛미디어,2021년 06월,"30,600"
컴퓨팅 사고와 소프트웨어 with 파이썬,성태응,인피니티북스,2022년 03월,"25,000"
웹 크롤링 & 데이터 분석 with 파이썬,장철원,인사이트(insight),2022년 01월,"18,000"
프로그래머를 위한 강화학습,멀티코어,프리렉,2021년 03월,"22,500"
파이썬으로 배우는 통계학 교과서,바바 신야,한빛미디어,2019년 11월,"27,000"
데이터 시각화 with 파이썬,설진욱,아이콕스(iCox),2021년 03월,"26,600"
프로그래밍의 정석 : 파이썬,도경구,생능출판사,2020년 12월,"25,200"
핸즈온 비지도 학습,안쿠르 A. 파텔,한빛미디어,2020년 07월,"30,600"
인공지능 100점을 위한 파이썬 수학,임성국,비제이퍼블릭(BJ퍼블릭),2020년 04월,"21,600"
처음 배우는 플라스크 웹 프로그래밍,윤정현,한빛미디어,2021년 08월,"17,820"
모두의 데이터 과학 with 파이썬,드미트리 지노비에프,길벗,2017년 07월,"19,800"
최적합 전문코딩능력평가 COS PRO 2급 Python,장대경,성안당,2019년 04월,"19,800"
파이썬 머신러닝 실무 테크닉 100,시모야마 데루마사,제이펍,2021년 12월,"22,500"
"핵심 딥러닝 입문: RNN, LSTM, GRU, VAE, GAN 구현",아즈마 유키나가,책만,2020년 12월,"25,200"
엑셀 x 파이썬 업무 자동화,카네히로 카즈미,인사이트(insight),2020년 12월,"16,200"
파이썬을 활용한 금융 분석 ,이브 힐피시,한빛미디어,2022년 03월,"40,500"
창의적 문제 해결을 위한 파이썬 프로그래밍,김진일,연두에디션,2020년 02월,"23,000"
금융 파이썬 쿡북,에릭 르윈슨,에이콘출판사,2021년 02월,"31,500"
마이크로비트로 배우는 파이썬,서민우,앤써북,2020년 02월,"16,920"
마인크래프트와 함께 즐겁게 파이썬,최일선,비제이퍼블릭(BJ퍼블릭),2018년 11월,"23,400"
알짜배기 예제로 배우는 OpenCV,이정주,비제이퍼블릭(BJ퍼블릭),2020년 04월,"28,800"
핵심만 쏙쏙 파이썬,양숙희,연두에디션,2020년 02월,"19,000"
텐서플로 2와 케라스로 구현하는 딥러닝 2/e,안토니오 걸리,에이콘출판사,2020년 04월,"38,700"
21개의 작고 재미난 파이썬 프로젝트,켄 유엔스-클락,제이펍,2021년 08월,"27,000"
나는 파이선으로 피지컬 컴퓨팅한다,김경규,씨마스,2019년 12월,"16,200"
파이썬으로 배우는 누구나 코딩,강환수,홍릉과학출판사,2019년 08월,"25,000"
파이썬 날코딩으로 알고 짜는 딥러닝,윤덕호,한빛미디어,2019년 07월,"40,500"
카카오 아레나 데이터 경진대회 1등 노하우,최규민,위키북스,2021년 01월,"24,300"
파이썬 디자인 패턴 2/e,체탄 기리다,에이콘출판사,2018년 11월,"13,500"
금융 데이터 분석을 위한 파이썬 판다스,유대표,파이스탁,2022년 03월,"27,000"
나의 첫 머신러닝/딥러닝,허민석,위키북스,2020년 07월,"23,400"
보통의 취준생을 위한 코딩 테스트 with 파이썬,권국원,로드북,2022년 02월,"27,000"
구글 브레인팀에게 배우는 딥러닝 with TensorFlow.js,프랑소와 숄레,길벗,2022년 03월,"39,600"
GAN 인 액션,야쿠프 란그르,한빛미디어,2020년 09월,"27,000"
파이썬으로 배우는 자연어 처리 인 액션,홉슨 레인,제이펍,2020년 03월,"31,500"
프로그래머가 알아야 할 알고리즘 40,임란 아마드,길벗,2022년 04월,"21,600"
쉽게 배우는 자료구조 with 파이썬,문병로,한빛아카데미,2022년 01월,"29,000"
컴퓨팅 사고를 위한 파이썬,한선관,생능출판사,2019년 02월,"27,550"
구글과 파이썬으로 시작하는 보안,김용재,비제이퍼블릭(BJ퍼블릭),2021년 08월,"29,700"
파이썬 자료구조와 알고리즘,미아 스타인,한빛미디어,2019년 06월,"19,800"
마인크래프트로 배우는 파이썬 프로그래밍,크레이그 리처드슨,제이펍,2016년 08월,"22,500"
뚝딱뚝딱 파이썬 자동화,알 스웨이가트,인사이트(insight),2021년 07월,"29,700"
실무 예제로 배우는 데이터 공학,폴 크리커드,제이펍,2021년 07월,"24,300"
파이썬을 활용한 금융공학 레시피,김용환,한빛미디어,2018년 06월,"25,200"
금융 전략을 위한 머신러닝,하리옴 탓샛,한빛미디어,2021년 12월,"31,500"
코딩 테스트로 시작하는 파이썬 프로그래밍,다니엘 진가로,영진닷컴,2022년 04월,"21,600"
"파이썬을 이용한 머신러닝, 딥러닝 실전 개발 입문",쿠지라 히코우즈쿠에,위키북스,2019년 12월,"27,000"
"실체가 손에 잡히는 딥러닝, 기초부터 실전 프로그래밍",아즈마 유키나가,책만,2019년 06월,"23,400"
머신러닝 실무 프로젝트,아리가 미치아키,한빛미디어,2022년 03월,"21,600"
Black Hat Python 2/e,저스틴 지이츠,에이콘출판사,2022년 04월,"25,200"
데이터 과학,조엘 그루스,인사이트(insight),2020년 03월,"29,700"
백엔드를 위한 Django REST Framework with 파이썬,권태형,영진닷컴,2022년 05월,"16,200"
강화학습/심층강화학습 특강,아들랑 드 폰테베,위키북스,2021년 06월,"24,300"
파이선으로 쉽게 배우는 프로그래밍 입문,조인석,한빛아카데미,2017년 12월,"21,000"
바로 쓰는 파이썬 : 기초 편,박진수,서울대학교출판문화원,2019년 02월,"25,000"
누구나 쉽게 따라하는 인공지능 (feat. 파이썬),이용권,씨마스21,2021년 08월,"18,900"
김변수와 시작하는 코딩생활 with 파이썬,코뮤니티 운영진(휴몬랩),영진닷컴,2022년 03월,"16,200"
"프로그래머를 위한 수학 : 파이썬으로 하는 3D 그래픽스, 시뮬레이션, 머신러닝",폴 올랜드,한빛아카데미,2021년 12월,"42,000"
컴퓨팅 사고를 위한 파이썬,한선관,생능출판사,2022년 01월,"28,500"
나의 첫 파이썬,에릭 마테스,한빛미디어,2020년 07월,"27,000"
파이썬과 피지컬 컴퓨팅,목원대학교 스톡스대학 SW교양학부,인피니티북스,2020년 08월,"14,000"
실무자를 위한 파이썬 Python 100제,오승환,정보문화사,2020년 02월,"18,000"
머신러닝 & 딥러닝 입문 with 사이킷런 + 파이토치,홍승백,루비페이퍼,2021년 08월,"25,200"
스크래치와 파이썬으로 풀어보는 컴퓨팅 사고,김성애,인피니티북스,2022년 03월,"25,000"
자동머신러닝,프랭크 허터,에이콘출판사,2021년 12월,"27,000"
그로킹 심층 강화학습,미겔 모랄레스,한빛미디어,2021년 10월,"31,500"
파이썬 Python 1학년,모리 요시나오,성안당,2018년 12월,"15,300"
처음 배우는 데이터 과학 ,필드 케이디,한빛미디어,2018년 02월,"25,200"
파이썬 데이터 클리닝 쿡북,마이클 워커,위키북스,2021년 11월,"25,200"
Pandas Cookbook 2/e,매트 해리슨,에이콘출판사,2020년 12월,"40,500"
내손으로 파이썬,코딩로봇연구소,코딩엑스,2021년 05월,"12,600"
파이썬 네트워크 프로그래밍,서열규,복두출판사,2020년 03월,"27,000"
컴퓨팅 사고와 파이썬,김지연,한빛아카데미,2021년 05월,"24,000"
비트코딩 Python,박해민,햄큐(HAMQ),2018년 10월,"18,000"
쓰면서 익히는 알고리즘과 자료구조,윤대석,한빛미디어,2021년 03월,"23,400"
라즈베리파이4로 구현하는 사물인터넷(IoT)과 인공지능(AI),김경연,광문각,2021년 11월,"26,000"
파이썬 기반 강화학습 알고리듬 ,안드레아 론자,에이콘출판사,2021년 08월,"27,000"
파이썬 코딩 수학 with 딥러닝,박경원,정보문화사,2019년 07월,"13,500"
컴퓨팅 사고력 프로그래밍 파이썬 PYTHON,김충석,이한미디어,2020년 02월,"22,000"
머신러닝 딥러닝을 이용한 A.I. 자율주행 RC카 프로젝트 with 파이썬+아두이노,서민우,앤써북,2022년 05월,"16,200"
파이썬 프로그래밍,유영환,부산대학교출판문화원,2021년 08월,"24,000"
기초 수학으로 이해하는 머신러닝 알고리즘,타테이시 켄고,위키북스,2018년 02월,"19,800"
IT 비전공자를 위한 돈 버는 파이썬 코딩,비현코,디지털북스,2021년 10월,"16,200"
스파크를 이용한 자연어 처리,앨릭스 토머스,한빛미디어,2021년 08월,"30,600"
"엑셀, R, 파이썬으로 시작하는 데이터 분석",조지 마운트,한빛미디어,2022년 04월,"19,800"
게임으로 익히는 코딩 알고리즘,김영기,한빛미디어,2019년 05월,"19,800"
돈 되는 파이썬 인공지능 프로그래밍,아카이시 마사노리,위키북스,2021년 06월,"22,500"
딥러닝으로 걷는 시계열 예측,윤영선,비제이퍼블릭(BJ퍼블릭),2020년 02월,"21,600"
파이썬으로 배우는 머신러닝의 교과서,이토 마코토,한빛미디어,2018년 11월,"26,100"
창의적 프로그래밍을 위한 파이썬,한혁수,생능출판사,2016년 08월,"23,000"
파이썬&인공지능&COS Pro 2급,조문기,북스홀릭퍼블리싱,2022년 02월,"19,800"
실전 자동머신러닝,아드난 마수드,에이콘출판사,2022년 01월,"27,000"
파이썬을 활용한 소프트웨어 아키텍처,아난드 발라찬드라 필라이,에이콘출판사,2020년 12월,"36,000"
가장 쉬운 독학 알고리즘 첫걸음 파이썬편 ,마스이 도시카츠,동양북스(동양books),2022년 05월,"21,150"
사이버 보안을 위한 머신러닝 쿡북,엠메누엘 츠케르만,에이콘출판사,2021년 10월,"31,500"
만화로 쉽게 배우는 머신러닝,아라키 마사히로,성안당,2019년 05월,"13,500"
파이썬을 이용한 웹크롤링과 데이터 분석,방진숙,인피니티북스,2021년 09월,"25,000"
파이썬 마스터,강윤희,명진씨앤피,2021년 06월,"16,200"
데이터 과학을 위한 파이썬 머신러닝,최성철,한빛아카데미,2022년 01월,"30,000"
python으로 배우는 OpenCV 프로그래밍,김동근,가메출판사,2021년 12월,"25,200"
진지한 파이썬,쥘래앵 당주,한빛미디어,2021년 01월,"25,200"
파이썬 마스터 3급,김상민,REXmedia(렉스미디어),2021년 12월,"16,200"
딥러닝을 위한 최적화와 수치해석,황윤구,남가람북스,2020년 02월,"28,800"
배프의 오지랖 파이썬 웹프로그래밍,배프,디지털북스,2019년 03월,"19,800"
강화학습 첫걸음,아서 줄리아니,한빛미디어,2017년 12월,"16,200"
파이썬으로 배우는 자료 구조 핵심 원리,양태환,길벗,2021년 08월,"19,800"
생명정보학 알고리즘 ,미겔 로샤,에이콘출판사,2020년 10월,"36,000"
파이썬 마스터 1·2급,유성열,명진씨앤피,2021년 11월,"19,800"
인공지능 기초수학,고관표,인피니티북스,2021년 08월,"23,000"
금융 데이터를 위한 파이썬,테리엇,비제이퍼블릭(BJ퍼블릭),2020년 06월,"21,600"
모던 파이썬 입문,아나 벨,길벗,2019년 10월,"23,400"
코드로 배우는 인공지능,장리커,제이펍,2021년 11월,"22,500"
파이썬으로 캐글 뽀개기,Evan,비제이퍼블릭(BJ퍼블릭),2021년 08월,"27,900"
실습하며 배우는 딥러닝 입문 with Kaggle ,장원두,생능출판사,2021년 07월,"29,000"
배워서 바로 써먹는 데이터 분석 with 파이썬,설진욱,생능북스,2022년 04월,"23,400"
파이썬과 함께하는 AI젯봇,아이씨뱅큐,아이씨뱅큐,2021년 05월,"22,500"
데이터를 다루며 배우는 파이썬,찰스 세브란스,인사이트(insight),2019년 08월,"16,200"
웹 브라우저 속 머신러닝 TensorFlow.js,카이 사사키,한빛미디어,2021년 09월,"22,500"
파이썬을 활용한 생명정보학 2/e,티아구 안타오,에이콘출판사,2019년 12월,"32,400"
프로그래머를 위한 베이지안 with 파이썬,캐머런 데이비슨 필론,길벗,2017년 11월,"24,300"
딥러닝 개념과 활용,김의중,미리어드스페이스,2021년 04월,"31,500"
파이썬 데이터 분석 입문,클린턴 브라운리,한빛미디어,2017년 10월,"24,300"
연오의 파이썬,박연오,인사이트(insight),2020년 12월,"17,820"
파이썬 정복 ,김상형,한빛미디어,2018년 04월,"19,800"
파이썬 해킹 입문,조성문,프리렉,2014년 12월,"20,700"
파이썬 네트워크 자동화,최병철,에이콘출판사,2019년 07월,"40,500"
스타트 파이썬,황재호,인포앤북,2022년 02월,"18,900"
효율적 개발로 이끄는 파이썬 실천 기술,스야마 레이,제이펍,2021년 04월,"19,800"
혼자 공부하는 파이썬,윤인성,한빛미디어,2022년 06월,"19,800"
파이썬을 활용한 딥러닝 전이학습,디파니안 사르카르,위키북스,2019년 10월,"27,000"
파이썬이 보이는 그림책,"ANK Co., Ltd.",성안당,2021년 11월,"16,200"
파이썬 OpenCV를 이용한 영상처리,허진경,BOOKK(부크크),2021년 09월,"25,000"
수학으로 이해하는 머신러닝 원리,가토 기미카즈,루비페이퍼,2021년 06월,"27,000"
파이썬으로 코딩하는 물리,송오영,21세기사,2021년 03월,"29,000"
데이터 사이언스 교과서,하시모토 히로시,성안당,2020년 10월,"22,500"
딥러닝과 바둑,막스 펌펄라,한빛미디어,2020년 06월,"32,400"
파이썬으로 배우는 딥러닝 교과서,이시카와 아키히코,한빛미디어,2020년 03월,"34,200"
Django 한 그릇 뚝딱,문범우,비제이퍼블릭(BJ퍼블릭),2019년 11월,"25,200"
골빈해커의 3분 딥러닝,(골빈해커)김진중,한빛미디어,2017년 09월,"19,800"
파이썬으로 배우는 블록체인 구조와 이론,조성현,위키북스,2019년 05월,"24,300"
지능 기반 의료를 위한 헬스케어 애널리틱스,비카스 쿠마르,에이콘출판사,2021년 11월,"27,000"
다이내믹 프로그래밍 완전 정복,미나크시,한빛미디어,2019년 10월,"16,200"
창의적 컴퓨팅,한양대학교 소프트웨어교육위원회,한양대학교출판부,2021년 02월,"16,000"
처음 배우는 머신러닝 ,김승연,한빛미디어,2017년 10월,"23,400"
파이썬으로 시작하는 캐글,이시하라 쇼타로,제이펍,2021년 04월,"16,200"
헬스케어 분석을 위한 머신러닝,에듀오닉스 러닝 솔루션스,에이콘출판사,2022년 03월,"22,500"
내 일을 바꾸는 업무 자동화,이태화,프리렉,2020년 06월,"19,800"
파이썬으로 배우는 자료구조 프로그래밍,유석종,휴먼싸이언스,2022년 02월,"25,000"
코딩마법서 파이썬 1권 STONE,오일러,오일러,2021년 04월,"40,500"
파이썬으로 시작하는 코딩,브라이언 칼링,코딩타임,2018년 09월,"18,000"
파이썬 코딩 0교시,줄리 스웨이,프리렉,2021년 04월,"16,200"
컴퓨터비전과 머신러닝,김찬수,광문각,2021년 02월,"26,000"
슬기로운 파이썬생활 데이터 싹쓰리 & 업무자동화,서진수,가치랩스,2020년 11월,"33,000"
생각대로 파이썬 파이썬 첫걸음,전현희,잇플ITPLE,2021년 01월,"20,700"
쉽게 이해되는 파이썬 프로그래밍,유석종,인피니티북스,2022년 02월,"27,000"
파이썬으로 완성하는 비지도 학습 알고리즘,송동근,비제이퍼블릭(BJ퍼블릭),2021년 12월,"30,600"
Python 실습으로 기초부터,이진영,서현사,2017년 08월,"22,000"
파이썬으로 다시 배우는 핵심 고등 수학,타니지리 카오리,위키북스,2019년 11월,"22,500"
파이썬으로 텍스트 분석하기,윤태일,늘봄,2018년 12월,"17,100"
데이터 전처리 대전,모토하시 도모미쓰,한빛미디어,2019년 11월,"27,000"
더 괜찮은 QA가 되기 위한 프랙티컬 테스트 자동화,정상미,프리렉,2018년 09월,"27,000"
파이썬 GUI 프로그래밍 쿡북 2/e,부르크하르트 메이어,에이콘출판사,2018년 04월,"31,500"
이게 진짜 파이썬EASY!,감무철,책밥,2022년 03월,"23,400"
라즈베리파이로 시작하는 핸드메이드 IoT,임근식,비제이퍼블릭(BJ퍼블릭),2019년 09월,"23,400"
코딩의 수학적 기초를 다지는 알고리즘 퍼즐 68,마스이 도시카츠,프리렉,2019년 08월,"19,800"
파이썬,박병기,아티오,2017년 01월,"20,700"
파이썬 네트워크 프로그래밍,서열규,복두출판사,2022년 02월,"28,000"
파이썬 딥러닝으로 시작하는 이상 징후 탐지 (한국어판),박기웅,홍릉,2021년 09월,"37,000"
친절한 딥러닝 수학,다테이시 겐고,한빛미디어,2021년 03월,"25,200"
처음 시작하는 딥러닝,세스 와이드먼,한빛미디어,2020년 08월,"20,700"
프로그래밍 이론과 실습,원정임,한양대학교출판부,2022년 02월,"18,000"
파이썬·케라스로 시작하는 AI기초 ,천상훈,복두출판사,2021년 07월,"15,000"
진짜 코딩하며 배우는 파이썬 바리스타 프로그램 만들기,서민우,앤써북,2020년 08월,"15,930"
실무가 훤히 보이는 머신러닝 & 딥러닝,마창수,책만,2019년 07월,"23,400"
파이썬 프로그래밍 교과서,제니퍼 캠벨,길벗,2019년 04월,"20,700"
Python과 Pygame으로 게임 만들기,알 슈베이가르트,정보문화사,2014년 06월,"20,700"
OpenCV 4를 활용한 머신러닝 입문 2/e,아디타 샤르마,에이콘출판사,2020년 10월,"36,000"
머신러닝 도감,아키바 신야,제이펍,2019년 12월,"23,400"
400제로 배우는 파이썬 입문,김범준,심통,2021년 10월,"25,200"
파이썬을 활용한 지리공간 분석 마스터하기,폴 크릭커드,에이콘출판사,2020년 10월,"36,000"
"한 번 배운 파이썬, 나만의 활용 스킬",이강성,프리렉,2020년 07월,"18,000"
잠자는 코딩 브레인을 깨우는 알고리즘 퍼즐 69,마스이 도시카츠,프리렉,2019년 02월,"19,800"
파이썬으로 배우는 공업수학,김도영,지오북스,2022년 02월,"30,000"
완친파 웹크롤러 대마왕편,가치랩스 기술연구소,한국정보인재개발원,2019년 08월,"26,600"
머신러닝을 위한 파이썬 한 조각,박성호,비제이퍼블릭(BJ퍼블릭),2020년 02월,"21,600"
그림과 함께하는 파이썬 수업,최윤철,생능출판사,2021년 11월,"28,000"
한권으로 파이썬과 드론 날로 먹기 인공지능 편,이현종,잇플ITPLE,2021년 04월,"98,000"
퀀트 전략 파이썬으로 세워라,박준규,비제이퍼블릭(BJ퍼블릭),2019년 04월,"21,600"
한권으로 파이썬과드론 날로먹기 인공지능편,이현종,잇플ITPLE,2021년 09월,"20,700"
캐글 가이드,사카모토 도시유키,동양북스(동양books),2020년 07월,"16,200"
머신러닝 탐구생활,정권우,비제이퍼블릭(BJ퍼블릭),2018년 08월,"24,300"
생활코딩! 파이썬,이고잉,범,2020년 03월,"17,100"
초보자도 간단히 단숨에 배우는 파이썬,조인석,터닝포인트,2020년 04월,"14,220"
파이썬과 NumPy로 배우는 선형대수,이정주,비제이퍼블릭(BJ퍼블릭),2019년 09월,"23,400"
러닝 파이썬 상편,마크 루츠,제이펍,2018년 03월,"34,200"
그로킹 딥러닝,앤드루 트라스크,한빛미디어,2019년 12월,"23,400"
딥러닝 일러스트레이티드,존 크론,시그마프레스,2021년 01월,"36,000"
수학으로 배우는 파이썬,다나카 카즈나리,영진닷컴,2019년 03월,"11,700"
파이썬을 활용한 데이터 길들이기,캐서린 자멀,인사이트(insight),2017년 08월,"29,700"
matplotlib을 이용한 데이터 시각화 프로그래밍,알렉상드르 드베르,에이콘출판사,2015년 01월,"22,500"
파이썬으로 익히는 말랑말랑 알고리즘,김경록,비제이퍼블릭(BJ퍼블릭),2022년 01월,"27,000"
파이썬을 이용한 통계분석,이원우,자유아카데미,2022년 04월,"36,000"
코딩 강화 파이썬,이규호,제이펍,2019년 06월,"17,820"
파이썬의 정석,시바타 보요,루비페이퍼,2021년 03월,"23,400"
인공지능 교과서,이모토 타카시,성안당,2021년 01월,"17,100"
파이썬을 이용한 수치해석,류권규,씨아이알(CIR),2020년 12월,"35,000"
예제로 배우는 자연어 처리 기초,쇼홈 고시,에이콘출판사,2020년 03월,"31,500"
Python Programming 터틀부터 게임 개발까지,이영준,교학사,2019년 03월,"13,500"
Flask 기반의 파이썬 웹 프로그래밍,이지호,제이펍,2016년 05월,"29,700"
러플과 함께하는 파이선 & 햄스터,서성원,삼양미디어,2018년 08월,"14,400"
이공학을 위한 파이썬 프로그래밍,정동호,내하출판사,2020년 03월,"22,000"
코딩 초보자를 위한 데이터 중심의 파이썬 프로그래밍,길준민,인피니티북스,2019년 12월,"22,000"
알고리즘과 파이썬,채진석,정익사,2019년 08월,"27,000"
러닝 파이썬 하편,마크 루츠,제이펍,2018년 03월,"34,200"
뇌를 자극하는 파이썬 3 ,박상현,한빛미디어,2016년 02월,"22,500"
텐서플로 첫걸음,조르디 토레스,한빛미디어,2016년 08월,"14,400"
수학적 모델링 콘텐츠 파이썬 1,김준석,지오북스,2021년 09월,"11,000"
클린 파이썬,수닐 카필,에이콘출판사,2021년 04월,"19,800"
OpenCV 4 마스터 3/e,로이 실크롯,에이콘출판사,2020년 07월,"27,000"
Python 3 START-UP,신윤환,북스홀릭퍼블리싱,2018년 06월,"22,500"
알기 쉬운 인공지능 with 파이썬,김현정,인피니티북스,2021년 09월,"22,000"
퍼즐로 배우는 알고리즘 with 파이썬,SRINI DEVADAS,영진닷컴,2019년 09월,"18,000"
컴퓨터 사이언스 부트캠프 with 파이썬,양태환,길벗,2018년 02월,"21,600"
데이터 사이언스 Hard Carry,신윤환,생능출판사,2021년 06월,"29,000"
소프트웨어와 문제해결,조대제,인피니티북스,2019년 12월,"20,000"
Pandas로 하는 데이터 과학 2/e,마이클 헤이트,에이콘출판사,2018년 09월,"31,500"
그림으로 배우는 딥러닝,앤드류 글래스너,에이콘출판사,2022년 05월,"54,000"
알파(R과 Python)를 활용한 인공지능 챗봇 14,황윤찬,스토리조아(STORYJOA),2020년 12월,"20,700"
차근차근 파이썬 코딩 실습 (기본편),류지훈,좋은땅,2020년 07월,"22,500"
한입에 웹 크롤링,김경록,비제이퍼블릭(BJ퍼블릭),2018년 09월,"23,400"
한 권으로 배우는 파이썬 기초 & 알고리즘 사고법,아리스티데스 보우라스,제이펍,2018년 07월,"27,000"
기초부터 배우는 인공지능 ,오다카 토모히로,성안당,2021년 03월,"16,200"
암호 해킹으로 배우는 파이썬의 기초,알 스웨이가트,에이콘출판사,2019년 07월,"31,500"
파이썬으로 풀어보는 수학 ,아미트 사하,에이콘출판사,2016년 06월,"22,500"
파이썬을 활용한 금융 분석 ,이브 힐피시,한빛미디어,2016년 06월,"37,800"
줄리아를 생각하다,벤 로언스,한빛미디어,2020년 04월,"27,000"
파이썬과 함께 하는 수학 어드벤처,피터 파렐,에이콘출판사,2020년 01월,"27,000"
파이썬을 활용한 스파크 프로그래밍,제프리 에이븐,에이콘출판사,2019년 08월,"27,000"
파이썬 실무 프로그래밍,조훈,위키북스,2017년 03월,"40,500"
파이썬으로 시작하는 머신러닝+딥러닝 ,강지영,아이리포,2022년 05월,"19,800"
텐서플로 2로 배우는 금융 머신러닝,이사야 헐,에이콘출판사,2021년 12월,"27,000"
파이썬을 활용한 데이터 분석과 응용,이성건,자유아카데미,2021년 06월,"30,000"
텐서플로로 배우는 딥러닝,솔라리스,영진닷컴,2018년 11월,"23,400"
Python 파이썬 2학년 스크래핑의 구조,모리 요시나오,성안당,2021년 11월,"15,300"
OpenCV · Python 머신러닝 · 딥러닝 프로그래밍,김동근,가메출판사,2022년 03월,"23,400"
인공지능과 함께 하는 파이썬,복거철,성진미디어,2021년 11월,"15,000"
Raptor와 Python으로 배우는 소프트웨어 기초설계,하옥균,연두에디션,2021년 11월,"22,000"
프로그래머를 위한 파이썬,데인 힐라드,제이펍,2020년 11월,"22,500"
파이썬 Jupyter Notebook 실전 입문  ,이케우치 타카히로,터닝포인트,2018년 06월,"22,500"
데이터 과학 트레이닝 북,츠카모토 쿠니타카,인사이트(insight),2020년 12월,"29,700"
"코딩셰프의 3분 딥러닝, 케라스맛",김성진,한빛미디어,2018년 01월,"27,000"
PySpark 배우기,토마스 드라바스,에이콘출판사,2017년 10월,"27,000"
파이썬 데이터 전처리 및 탐색 라이브러리,허진경,BOOKK(부크크),2021년 09월,"29,400"
AI CODING,정락현,코쿤아우트,2021년 04월,"27,000"
"파이썬을 이용한 빅데이터 수집, 분석과 시각화 ",이원하,비팬북스(러닝스페이스),2017년 06월,"21,600"
안전한 인공지능 시스템을 위한 심층 신경망 강화,케이티 워,한빛미디어,2020년 12월,"21,600"
핸즈온 머신러닝 · 딥러닝 알고리즘 트레이딩,스테판 젠슨,에이콘출판사,2020년 07월,"38,700"
파이썬으로 만드는 암호화폐 자동 거래 시스템,박재현,위키북스,2018년 04월,"22,500"
파이썬 코딩 알고리듬,오상문,도수서원,2017년 09월,"10,800"
슬기로운 파이썬 트릭,댄 베이더,인사이트(insight),2019년 01월,"18,000"
입문자를 위한 파이썬 프로그래밍,김상근,북스홀릭퍼블리싱,2021년 08월,"19,800"
자연어 처리 쿡북 with 파이썬,크리슈나 바브사,에이콘출판사,2019년 01월,"27,000"
파이썬 성능 높이기 2/e,가브리엘레 라나로,에이콘출판사,2018년 11월,"25,200"
가장 쉬운 파이썬 입문교실,오오사와 후미타카,영진닷컴,2018년 07월,"15,300"
The Python 3 Standard Library by Example,더그 헬먼,에이콘출판사,2020년 06월,"52,200"
파이썬 네트워킹 마스터 2/e,에릭 추,에이콘출판사,2019년 10월,"31,500"
엔지니어를 위한 파이썬,나카쿠키 켄지,제이펍,2017년 11월,"25,200"
씽크 파이썬 Think Python,앨런 다우니,길벗,2017년 10월,"19,800"
이제 시작이야! 컴퓨팅 사고력으로 인공지능까지 파이썬,전수진,연두에디션,2022년 01월,"23,000"
나혼자 파이썬,이창현,디지털북스,2020년 12월,"13,500"
양자 컴퓨팅 : 이론에서 응용까지,잭 히더리,에이콘출판사,2020년 09월,"31,500"
차근차근 파이썬 코딩 실습 (연구활용 대기과학편),류지훈,좋은땅,2020년 07월,"22,500"
누구나 파이썬 Python 너도 데이터 가지고 놀 수 있어!,민형기,잇플ITPLE,2020년 01월,"16,200"
아두이노와 피지컬 컴퓨팅 with 파이썬,이원규,교학사,2018년 12월,"14,400"
Python Cookbook ,데이비드 비즐리,인피니티북스,2014년 02월,"34,200"
파이썬 Python 2학년,모리 요시나오,성안당,2021년 05월,"15,300"
딥러닝에 목마른 사람들을 위한 PyTorch,장지수,비제이퍼블릭(BJ퍼블릭),2019년 06월,"21,600"
파이썬으로 움직이는 EV3 로봇,황일규,복두출판사,2021년 07월,"22,000"
한권으로 파이썬 데이터 사이언스 입문 AtoZ,문성혁,잇플ITPLE,2020년 01월,"26,100"
파이썬 3로 컴퓨터 비전 다루기,사우랍 카푸,에이콘출판사,2018년 01월,"21,600"
The Hundred-Page Machine Learning Book,안드리 부르코프,에이콘출판사,2019년 08월,"22,500"
손에 잡히는 판다스,문용준,비제이퍼블릭(BJ퍼블릭),2018년 11월,"28,800"
파이썬으로 시작하는 컴퓨터 프로그래밍,조동영,한빛아카데미,2022년 02월,"25,000"
Python으로 쉽게 배우는 통계 프로그래밍,김재희,자유아카데미,2021년 05월,"28,000"
"머신 러닝을 다루는 기술 with 파이썬, 사이킷런",마크 페너,길벗,2020년 06월,"30,600"
CODING BASICS PYTHON,김상민,REXmedia(렉스미디어),2022년 02월,"18,000"
프로그래머를 위한 Python® 파이썬,폴 데이텔,성안당,2021년 12월,"34,200"
한권으로 개발자가 원하던 파이썬 심화 A to Z,문용준,잇플ITPLE,2019년 11월,"28,800"
스타트 파이썬,황재호,(주)코딩스쿨,2018년 09월,"17,100"
처음 시작하는 파이썬 프로그래밍,김동근,가메출판사,2018년 03월,"16,200"
RESTful 파이썬 웹 서비스 제작,가스통 힐라,에이콘출판사,2017년 07월,"31,500"
머신러닝을 이용한 데이터 분석,허진경,BOOKK(부크크),2021년 08월,"35,000"
이젠 나도! 파이썬,이지선,성안당,2019년 10월,"22,500"
파이썬 연습,김기용,그린 (윤덕우),2022년 02월,"26,000"
누구나 파이썬,전익진,디스커버리미디어,2022년 01월,"15,750"
파이썬과 대스크를 활용한 고성능 데이터 분석,제시 대니얼,한빛미디어,2020년 10월,"25,200"
한 권으로 끝내는 딥러닝 텐서플로,바라스 람순다르,한빛미디어,2018년 11월,"21,600"
엑셀Ⅹ파이썬 코드 레시피 125,카네히로 카즈미,AK(에이케이 커뮤니케이션즈),2022년 05월,"23,750"
파이썬으로 배우는 과학계산,김웅태,서울대학교출판문화원,2021년 12월,"35,000"
코딩수학 파이썬 1,김상권,지오아카데미,2021년 09월,"17,000"
파이썬으로 배우는 소프트웨어 디자인,김홍준,인피니티북스,2020년 02월,"20,000"
파이썬으로 배우는 응용 텍스트 분석,벤자민 벵포트,제이펍,2019년 11월,"24,300"
파이썬으로 배우는 Anti-Virus 구조와 원리,최원혁,비제이퍼블릭(BJ퍼블릭),2017년 09월,"30,600"
워드프레스 테마 직접 만드는 개발자 되기,김경호,스포트라잇북,2017년 05월,"24,300"
알 스웨이가트의 파이썬 프로젝트,알 스웨이가트,제이펍,2022년 02월,"25,200"
파이썬 프로그래밍 길라잡이,장혜진,홍릉,2022년 02월,"29,000"
파이썬과 코랩기반의 OpenCV로 배우는 영상처리,고병철,그린,2022년 01월,"20,000"
파이썬 딥러닝 프로젝트,Matthew Lamons,홍릉과학출판사,2021년 11월,"39,000"
파이썬으로 데이터 마이닝 시작하기,나단 그리넬치,에이콘출판사,2019년 12월,"18,900"
파이썬으로 풀어보는 회귀분석,루카 마싸론,에이콘출판사,2018년 12월,"27,000"
파이썬 인 프랙티스,오현석,위키북스,2014년 09월,"25,200"
파이썬과 함께 배우는 신호와 시스템,남승현,홍릉,2020년 03월,"28,000"
파이썬 프로그래밍,John V. Guttag,홍릉과학출판사,2019년 02월,"29,000"
깐깐하게 배우는 파이썬 3,제드 쇼,인사이트(insight),2019년 01월,"19,800"
쉽게 배우는 파이썬 with 컴퓨팅 사고력,황혜정,글로벌,2017년 08월,"18,000"
함수형 파이썬 프로그래밍,오현석,에이콘출판사,2017년 02월,"27,000"
개념을 잡아주는 프로그래밍 정석,제니퍼 캠벨,에이콘출판사,2010년 05월,"22,500"
10대를 위한 파이썬 교과서,아리스티데스 보우라스,교학사,2020년 01월,"19,800"
Hello Coding 한입에 쏙 파이썬,김왼손,한빛미디어,2018년 06월,"13,500"
핵심코어! 파이썬 프로그래밍,최희식,인피니티북스,2022년 03월,"23,000"
마케터의 파이썬,정희석,e비즈북스,2022년 01월,"19,800"
Hello 실전 파이썬 프로그래밍 world,조상철,혜지원,2022년 01월,"19,800"
파이썬과 파이게임,정선호,그린,2020년 02월,"28,000"
머신 러닝 부트캠프 with 파이썬 ,주식회사 시스템 계획 연구소,길벗,2018년 05월,"19,800"
파이썬을 여행하는 히치하이커를 위한 안내서 ,케네스 레이츠,인사이트(insight),2017년 10월,"24,300"
파이썬 프로그래밍으로 지루한 작업 자동화하기,알 스웨이가트,스포트라잇북,2019년 01월,"27,000"
케라스로 완성하는 인공 신경망 기본기,이준,에이콘출판사,2022년 01월,"22,500"
모두를 위한 파이썬,Cay Horstmann,한티에듀,2020년 03월,"35,000"
파이썬 텍스트 코딩 워크북,정재웅,삼양미디어,2022년 05월,"4,500"
파이썬 함수 사용 설명서,권판검,글로벌,2021년 08월,"19,800"
쉽게 배우는 파이썬,김은옥,삼양미디어,2021년 07월,"16,200"
파이썬을 이용한 공학 프로그래밍,손재범,성안당,2020년 03월,"22,500"
문과생을 위한 파이썬,홍성인,인디라이프,2020년 07월,"16,650"
파이썬을 이용한 컴퓨터 과학 입문,로버트 세지윅,길벗,2019년 12월,"43,200"
파이썬으로 배우는 영상처리,Sandipan Dey,홍릉과학출판사,2020년 01월,"33,000"
파이썬과 수치 해석 2/e,로버트 요한슨,에이콘출판사,2019년 08월,"45,000"
빠르게 활용하는 파이썬 3.6 프로그래밍,신호철,위키북스,2017년 07월,"27,000"
모의 침투 입문자를 위한 파이썬 3 활용,오동진,에이콘출판사,2020년 02월,"22,500"
자연어 처리와 컴퓨터 언어학,바르가브 스리니바사 디지칸,에이콘출판사,2019년 06월,"27,000"
파이썬 자연어 처리의 이론과 실제,잘라지 트하나키,에이콘출판사,2018년 06월,"31,500"
파이썬 프로그래밍,박영권,시대인,2022년 01월,"19,800"
파이썬 고급 딥러닝,Ivan Vasilev,홍릉과학출판사,2021년 11월,"39,000"
고전 컴퓨터 알고리즘 인 파이썬,데이비드 코펙,한빛미디어,2019년 12월,"22,500"
파이썬 프로그래밍,조인석,혜지원,2019년 05월,"24,300"
한 권으로 끝내는 파이썬,김명호,에듀웨이,2019년 05월,"16,200"
머신러닝 실무 프로젝트,나카야마 신타,한빛미디어,2018년 06월,"16,200"
파이썬으로 배우는 웹 크롤러,박정태,정보문화사,2018년 01월,"22,500"
파이썬과 OpenCV로 실습하며 배우는 영상처리,김성영,카오스북,2021년 03월,"23,000"
딥러닝 AI프로젝트 실사례,산타누 파타나야크,홍릉,2020년 03월,"29,000"
파이썬으로 배우는 머신러닝 입문,오제키 마사유키,성안당,2021년 04월,"17,820"
파이썬 해킹프로그래밍,한상준,(주)박영사,2019년 03월,"14,000"
파이썬으로 배우는 인공지능,프라틱 조쉬,에이콘출판사,2017년 05월,"36,000"
복잡계와 데이터 과학  ,앨런 B. 다우니,홍릉과학출판사,2016년 09월,"22,000"
파이썬과 Jupyter Notebook ,시릴 로산트,에이콘출판사,2016년 03월,"18,000"
파이썬을 활용한 네트워크 프로그래밍,파루크 사커,에이콘출판사,2015년 01월,"27,000"
python으로 배우는 OpenCV 프로그래밍,김동근,가메출판사,2018년 08월,"23,400"
헬로! 파이썬 프로그래밍,워렌 산데,위키북스,2015년 09월,"24,300"
"만들면서 배우는 파이썬 하나, 둘, 셋",나인섭,연두에디션,2021년 12월,"20,000"
케라스 딥러닝 응용,리테쉬 바그와트,에이콘출판사,2020년 06월,"31,500"
파이썬으로 배우는 수치 데이터 처리 ,김동근,가메출판사,2020년 03월,"19,800"
"파이썬 쉽게, 더 쉽게",츠지 신고,제이펍,2018년 12월,"23,400"
파이썬으로 만드는 서버리스 애플리케이션,잘렘 라지 로히트,에이콘출판사,2018년 10월,"22,500"
알파회계 ,김태식,와이북스,2017년 09월,"15,000"
파이썬 프로그래밍 개론,데이비드 슈나이더,에이콘출판사,2016년 11월,"31,500"
순서도로 배우는 파이썬,김종훈,다올미디어,2016년 06월,"15,300"
데이터 분석을 위한 파이썬,오경선,인피니티북스,2022년 03월,"25,000"
손에 잡히는 파이썬,문용준,비제이퍼블릭(BJ퍼블릭),2018년 03월,"39,600"
파이썬으로 배우는 데이터 과학 입문과 실습,데이비 실린,위키북스,2018년 02월,"24,300"
따라하면서 배우는 파이썬,이상철,복두출판사,2021년 12월,"13,000"
Python을 이용한 데이터 분석과 시각화,김계수,한나래,2020년 10월,"28,000"
프로그래머 첫걸음,코리 알트호프,한빛미디어,2018년 01월,"17,820"
왕초보를 위한 파이썬 프로그래밍 입문서,Dave Lee,아티오,2017년 07월,"10,800"
스파르타! 파이썬 포렌식,쳇 호스머,비제이퍼블릭(BJ퍼블릭),2015년 04월,"25,200"
한번에 이해되는 파이썬 기초 실습,고응남,인피니티북스,2022년 04월,"25,000"
파이썬으로 구현하는 AI 이해와 활용,박상배,일진사,2022년 03월,"19,800"
프로젝트 예제로 배우는 OpenCV 4,Escriva,홍릉,2021년 05월,"29,000"
텐서플로로 하는 딥러닝 기초와 응용 ,파올로 갈리오니,에이콘출판사,2020년 11월,"27,000"
나만의 스마트워크 환경 만들기,박찬성,비제이퍼블릭(BJ퍼블릭),2020년 05월,"24,750"
파이썬답게 코딩하기,심경섭,비제이퍼블릭(BJ퍼블릭),2018년 04월,"18,000"
파이썬 399 Step,문혜영,아이콕스(iCox),2022년 03월,"20,900"
알고리즘으로 생각하기,양성봉,생능출판사,2022년 01월,"23,000"
파이썬 객체지향 프로그래밍,성백균,홍릉,2021년 02월,"25,000"
"iPhone/Android 애플리케이션 개발자를 위한 머신러닝, 딥러닝 실전입문",후루카와 히데카즈,터닝포인트,2019년 12월,"29,700"
파이썬을 활용한 크롤러 개발과 스크레이핑 입문,카토 카츠야,위키북스,2019년 07월,"27,000"
텐서플로를 이용한 고급 딥러닝,산타누 파타나야크,에이콘출판사,2019년 02월,"31,500"
처음 만나는 파이썬,가마타 마사히로,제이펍,2017년 03월,"19,800"
R과 파이썬 머신러닝 어프로치,강병서,한경사,2020년 05월,"35,000"
컴맹을 위한 파이썬,정덕,디지털북스,2018년 07월,"10,800"
코딩영어,김용찬,원펀치,2022년 04월,"14,400"
파이썬 Phython,김영천,기한재,2020년 02월,"25,000"
텐서플로를 활용한 머신러닝,니샨트 수클라,한빛미디어,2019년 02월,"27,000"
파이썬 동시성 프로그래밍,엘리엇 포브스,에이콘출판사,2018년 09월,"27,000"
알기쉬운 파이썬,시바타 아츠시,광문각,2018년 05월,"23,000"
러닝 텐서플로,톰 호프,한빛미디어,2018년 05월,"20,700"
Black Hat Python,저스틴 지이츠,에이콘출판사,2015년 04월,"22,500"
파이썬과 주피터 노트북 기반의 SAS Viya,강봉주,자유아카데미,2021년 10월,"33,000"
당신이 지금 알아야 할 빅4 클라우드 머신러닝,이영호,비제이퍼블릭(BJ퍼블릭),2020년 03월,"23,400"
72시간 파이썬 정복,이승현,광문각,2019년 07월,"24,000"
파이썬 라이브러리로 배우는 딥러닝 입문과 응용,발렌티노 조카,제이펍,2018년 12월,"25,200"
딥러닝의 정석,니킬 부두마,한빛미디어,2018년 02월,"22,500"
개발자를 위한 파이썬,윤웅식,한빛미디어,2017년 11월,"18,000"
Python Design Patterns ,제나디 즐로빈,에이콘출판사,2014년 03월,"10,800"
파이썬 자료구조,김병호,홍릉,2021년 07월,"15,000"
파이썬 코딩의 기초,조연상,상학당,2021년 07월,"32,000"
친절한 실전 딥러닝 수업,김찬란,비제이퍼블릭(BJ퍼블릭),2020년 03월,"19,800"
빅데이터 시각화,제임스 밀러,에이콘출판사,2019년 11월,"25,200"
Let’s Start Coding with Raptor & Python,김충석,앤아이컴즈,2019년 08월,"24,000"
파이썬 핵심 개발자들과의 인터뷰,마이크 드리스콜,터닝포인트,2019년 01월,"16,920"
중1수학(상) 파이썬 프로그래밍 ,정기철,홍릉과학출판사,2017년 03월,"16,000"
파이썬 병렬 프로그래밍,얀 팔라흐,에이콘출판사,2016년 11월,"12,600"
파이썬 프로그래밍 핵심,전희성,UUP,2021년 02월,"13,000"
스마트로봇 EV3를 활용한 Python 프로그래밍 ,남상엽,상학당,2020년 09월,"30,000"
파이썬을 이용한 데이터 분석 2/e,아르만도 판당고,에이콘출판사,2018년 01월,"27,000"
파이썬으로 배우는 수학적 프로그래밍,알란 M. 스테이블리,프리렉,2015년 08월,"22,500"
누구나 쉽게 배우는 파이썬 프로그래밍,제이슨 R. 브리그스,비제이퍼블릭(BJ퍼블릭),2013년 08월,"24,300"
파이썬을 활용한 비지도 학습,벤자민 존스턴,에이콘출판사,2019년 11월,"31,500"
토닥토닥 파이썬 기초편,권상기,플랜투비아이플러스,2019년 04월,"22,500"
파이썬으로 실무에 바로 적용하는 머신 러닝,강봉주,에이콘출판사,2019년 01월,"27,000"
파이썬 웹 스크래핑 2/e ,캐서린 자멀,에이콘출판사,2018년 12월,"22,500"
파이썬을 이용한 빅데이터 분석,유성준,21세기사,2018년 10월,"25,000"
실전 스케일링 파이썬 프로그래밍,줄리안 단주,인사이트(insight),2018년 08월,"17,100"
파이썬으로 배우는 프로그래밍 기초,임좌상,인피니티북스,2018년 02월,"23,000"
머신 러닝과 통계,프라탑 단게티,에이콘출판사,2018년 02월,"31,500"
초보자를 위한 아파치 스파크 2,라자나라야난 토투바이카투마나,에이콘출판사,2018년 01월,"27,000"
나만의 Python Game 만들기,알 슈베이가르트,정보문화사,2014년 06월,"22,500"
파이썬 완벽 가이드,데이비드 M. 비즐리,인사이트(insight),2012년 04월,"34,200"
실전! 딥러닝,오타 미쯔히사,위키북스,2019년 02월,"22,500"
코딩 클럽 LV4. 파이썬 프로그래밍 아트,크리스 로피,한빛미디어,2016년 10월,"9,000"
한권으로 파이썬과 드론 날로 먹기,이현종,잇플ITPLE,2020년 07월,"16,200"
신비한 파이썬 프로젝트,리 본,영진닷컴,2020년 05월,"21,600"
파이썬 예제와 함께하는 강화학습,김승현,홍릉과학출판사,2019년 06월,"22,000"
파이썬 마이크로서비스,타렉 지아드,에이콘출판사,2019년 05월,"31,500"
구글로 공부하는 파이썬,김용재,비제이퍼블릭(BJ퍼블릭),2018년 03월,"37,800"
컴퓨터 비전공자를 위한 파이썬을 활용한 기초컴퓨터프로그래밍,유영환,부산대학교출판부(PNU Press),2017년 08월,"24,000"
파이썬으로 시작하는 컴퓨터 과학 입문,존 M. 젤,인사이트(insight),2017년 08월,"27,000"
파이썬의 신,김주현,로드북,2016년 12월,"24,300"
머신러닝을 이용한 알고리즘 트레이딩 시스템 개발,안명호,한빛미디어,2016년 05월,"16,200"
파이썬 프로그래밍,조인석,혜지원,2016년 03월,"24,300"
파이썬 터틀 그래픽을 이용한 프로그래밍 코딩,정민영,21세기사,2017년 09월,"20,000"
똑똑한 코드 작성을 위한 실전 알고리즘,조지 하이네만,한빛미디어,2022년 05월,"17,820"
달구나 파이썬!,노순국,연두에디션,2021년 12월,"20,000"
The Python - 파이썬 프로그래밍,허진경,BOOKK(부크크),2021년 09월,"32,000"
비전공자도 쉽게 이해하는 파이썬 입문,윤선영,아이콕스(iCox),2021년 07월,"19,000"
모두를 위한 컴퓨팅 사고,김종완,정익사,2020년 03월,"23,000"
작심 3일 파이썬 Python,황덕창,스포트라잇북,2019년 04월,"16,200"
파이썬 머신러닝,세바스티안 라슈카,지앤선(志&嬋),2017년 01월,"28,800"
파이썬 분산 컴퓨팅,프란세스코 피에르페데리시,에이콘출판사,2016년 11월,"18,000"
머신 러닝 인 파이썬,마이클 보울즈,비제이퍼블릭(BJ퍼블릭),2015년 11월,"24,300"
프로그래밍이 보인다! 파이썬 입문,제이미 챈,에이콘출판사,2015년 09월,"12,600"
파이썬 데이터계산 행렬수학,김종률,경문사,2020년 12월,"29,000"
파이썬 입문 A to Z,문용준,잇플ITPLE,2019년 06월,"14,850"
파이썬과 자연어 처리,니쉬트 조쉬,에이콘출판사,2017년 07월,"25,200"
파이썬 핵심 레퍼런스,마크 러츠,인사이트(insight),2016년 08월,"15,120"
한권으로 파이썬과 드론 날로 먹기 인공지능 편,이현종,잇플ITPLE,2021년 12월,"107,800"
라이노 파이썬,김성욱,창조와지식,2021년 06월,"10,800"
파이썬 웹 프로그래밍 에센셜 개정판,김승구,BOOKK(부크크),2021년 02월,"22,200"
쏙 들어오는 파이썬 프로그래밍,진민,휴먼싸이언스,2020년 12월,"20,000"
알기 쉬운 파이썬 SQL 코딩하기,정현희,크라운출판사,2020년 03월,"13,500"
파이썬으로 배우는 프로그래밍 기초,크리스 로피,한빛아카데미,2016년 08월,"13,000"
파이썬 프로젝트 Active 개발 가이드,최원우,아이콕스(iCox),2019년 08월,"19,000"
사물인터넷 with Python 실전 프로젝트 가이드,박진현,아이콕스(iCox),2019년 08월,"24,700"
파이썬을 이용한 실전 프로그래밍,Ljubomir Perkovic,홍릉과학출판사,2019년 04월,"35,000"
파이썬으로 처음 시작하는 코딩,롭 마일스,에이콘출판사,2018년 12월,"36,000"
데이터 분석을 위한 머신 러닝 입문,하시모토 타이이치,길벗,2018년 11월,"19,800"
파이썬과 비즈니스 자동화,체탄 기리다,에이콘출판사,2018년 11월,"27,000"
우아한 사이파이,후안 누네즈-이글레시아스,한빛미디어,2018년 06월,"25,200"
"파이썬 기초의 모든 것, 14개의 코딩 이야기!",박영호,교학사,2018년 04월,"10,800"
파이썬으로 시작하는 라즈베리파이 3,김경신,복두출판사,2018년 03월,"16,000"
해커의 언어 파이썬 3 입문,오동진,에이콘출판사,2018년 03월,"22,500"
Head First Python,폴 배리,한빛미디어,2017년 12월,"28,800"
러닝스쿨! 파이썬 교과서,쿠지라 히코우즈쿠에,위키북스,2017년 07월,"19,800"
내가 하는 사물인터넷 프로그래밍 1 라즈베리 파이 파이썬 편,설상동,지식과감성#,2017년 03월,"18,000"
Try! helloworld 파이썬,정윤원,길벗,2017년 02월,"16,200"
파이썬 플레이그라운드,마헤시 벤키타찰람,에이콘출판사,2016년 11월,"27,000"
Python Programming for Beginners,제이슨 캐넌,에이콘출판사,2015년 11월,"15,300"
파이썬으로 배우는 소프트웨어와 인공지능,조행래,영남대학교출판부(知YU智),2022년 03월,"25,000"
한국어 인공지능 1,박건숙,노드미디어,2020년 02월,"23,750"
파이썬 데이터 분석,장용식,생능출판사,2022년 02월,"28,000"
컴퓨팅사고와 파이썬 프로그래밍,김영탁,홍릉,2022년 01월,"34,000"
비지니스 Python 첫걸음,나카지마 쇼,출판사Bogook(출판사보국),2021년 11월,"20,700"
통계를 위한 파이썬 프로그래밍,김진성,가메출판사,2021년 09월,"22,500"
파이썬으로 구현한 인공지능,박태희,홍릉,2021년 09월,"23,000"
3step으로 확실하게 배우는 파이썬 입문,야마다 요시히로,시그마프레스,2021년 01월,"25,000"
비공대생을 위한 코딩 첫걸음 with 파이썬,김일민,한성대학교출판부,2020년 09월,"18,000"
하루에 쪼갠다 파이썬,코딩코치스,BOOKK(부크크),2020년 08월,"9,800"
머신러닝 딥러닝 바로가기,요시카와 하야토,프리렉,2018년 07월,"22,500"
국가대표 파이썬 첫걸음,The Coding College Instructors,더코딩칼리지,2018년 07월,"21,420"
컴퓨팅 사고력을 키워주는 파이썬 프로그래밍 ,김성호,글로벌,2017년 12월,"16,200"
파이썬으로 배우는 데이터 과학 2/e ,알베르토 보스체티,에이콘출판사,2017년 12월,"27,000"
파이썬으로 구현하는 고급 머신 러닝 ,존 하티,에이콘출판사,2017년 08월,"29,700"
파이썬 웹 프로그래밍,주성식,위키북스,2016년 05월,"22,500"
파이썬 모의 해킹과 침투 테스팅,모히트,에이콘출판사,2015년 11월,"18,000"
예제 중심의 Python 3,최용,인피니티북스,2014년 02월,"22,500"
제대로 배우는 파이썬,홍의경,생능출판사,2022년 03월,"32,000"
기계학습 기반의 파이썬 활용,황철현,성진미디어,2021년 11월,"18,000"
맛있게 읽는 말랑말랑 파이썬 유쾌한 맛!,신유선,북스힐,2022년 01월,"15,200"
파이썬3 입문과 활용,심윤식,지란지교에듀랩,2021년 02월,"24,300"
딱 하루에 끝내는 파이썬 핵심기초,더 코딩 칼리지,BOOKK(부크크),2020년 05월,"12,700"
Python Machine Learning by Example ,요우시 리우,에이콘출판사,2018년 09월,"22,500"
더 탄탄하게 배우는 파이썬 3,제드 쇼,성안당,2018년 08월,"18,000"
Python과 SQL을 활용한 실전 데이터 전처리,이현호,카오스북,2018년 07월,"13,000"
이것이 우리에게 딱 맞는 딥러닝 with 텐서플로,박재용,비제이퍼블릭(BJ퍼블릭),2018년 06월,"21,600"
딥러닝 워크북 ,시미즈 료,길벗,2018년 04월,"19,800"
파이썬과 케라스로 배우는 대소니의 딥러닝 기초,김철우,디지털북스,2018년 04월,"20,700"
파이썬,정재화,에피스테메(방송대출판문화원),2018년 03월,"33,250"
IPython 6.0,토마스 비터만,에이콘출판사,2018년 03월,"27,000"
모던 파이썬 쿡북,스티븐 로트,에이콘출판사,2018년 02월,"38,700"
코딩 부트캠프 with 파이썬,유모토 미치타카,길벗,2017년 12월,"18,000"
생활 속 문제를 통해 배워보는 머신 러닝,알렉산더 콤스,에이콘출판사,2017년 11월,"27,000"
파이썬으로 배우는 대규모 머신 러닝,바스티앙 스야딘,에이콘출판사,2017년 07월,"31,500"
진짜 쉽고 쓸모 있는 언어 파이썬 ,안진섭,성안당,2016년 10월,"24,300"
파이썬 프로그래밍,김동근,가메출판사,2016년 07월,"25,200"
트위스티드,제시카 맥켈러,인사이트(insight),2014년 08월,"16,200"
스마트시티를 위한 PYTHON 프로그래밍,김성환,서울시립대학교출판부,2022년 03월,"30,000"
"안녕, 파이썬",김학인,북랩,2022년 03월,"16,110"
파이썬 첫걸음,James R. Payne,잇플ITPLE,2020년 12월,"23,400"
시작북 파이썬,코딩 코치스,BOOKK(부크크),2020년 12월,"11,000"
유튜버 주간컴공 지마&참깨의 프리패스 파이썬,지마,고시고시,2020년 09월,"16,200"
파이썬 프로그래밍,김영탁,홍릉과학출판사,2020년 01월,"34,000"
과학적 컴퓨팅을 위한 파이썬,이정환,홍릉과학출판사,2019년 09월,"25,000"
파이썬을 활용한 머신러닝 쿡북,크리스 알본,한빛미디어,2019년 09월,"29,700"
Getting Start Python(파이썬)2nd,김영아,구민사,2019년 04월,"22,500"
파이썬 튜토리얼,장혜진,홍릉과학출판사,2019년 02월,"32,000"
코딩으로 지구정복,코인 : 코딩하는 사람들,넥서스,2019년 03월,"12,420"
Python 예제로 배우는 OpenCV 3.x,Prateek Joshi,홍릉과학출판사,2018년 09월,"27,000"
PYTHON 파이썬만 잡아도,김병만,카오스북,2018년 07월,"25,000"
25시간만에 배우는 머신러닝 예제 : 파이썬 활용,김준석,이모션미디어,2018년 01월,"15,000"
딥러닝 부트캠프 with 케라스,후지타 카즈야,길벗,2017년 12월,"23,400"
장고 마스터하기,나이젤 조지,에이콘출판사,2017년 11월,"40,500"
처음 시작하는 파이썬 코딩,문병수,(유)캐멀컨설팅,2017년 07월,"14,400"
초간단 파이썬 입문서,유채곤,BOOKK(부크크),2017년 02월,"9,200"
백박스 기반의 파이썬 2.7,오동진,에이콘출판사,2016년 09월,"22,500"
파이썬을 사용한 프로그래밍 입문 ,채진석,정익사,2016년 03월,"23,000"
유쾌한 파이썬,오현석,에이콘출판사,2015년 11월,"21,600"
누구나 쉽게 배우는 코딩,브라이슨 페인,비제이퍼블릭(BJ퍼블릭),2015년 10월,"24,750"
Building Machine Learning Systems with Python 한국어판,윌리 리커트,에이콘출판사,2015년 09월,"27,000"
실전 파이썬 프로그래밍,줄리안 단주,인사이트(insight),2014년 12월,"15,300"
깐깐하게 배우는 파이썬,제드쇼,인사이트(insight),2014년 11월,"21,600"
파이썬 프로그래밍 기초부터 응용까지 세트,오현석,에이콘출판사,2014년 02월,"61,200"
파이썬3 바이블,이강성,프리렉,2013년 10월,"37,800"
플로우가 보이는 머신러닝 프로젝트,임선집,루비페이퍼,2022년 05월,"28,800"
실전 파이썬 핸즈온 프로젝트,리 본,책만,2022년 05월,"25,200"
Do it! 점프 투 파이썬 + 파이썬 라이브러리 예제 편,박응용,이지스퍼블리싱,2022년 05월,"40,320"
파이썬 프로그래밍,손승일,21세기사,2022년 01월,"30,000"
스펙트럼 머신러닝 with 파이썬,장철원,비제이퍼블릭(BJ퍼블릭),2021년 12월,"64,350"
당신이 지금 알아야 할 클라우드 세트,이영호,비제이퍼블릭(BJ퍼블릭),2020년 10월,"142,200"
Step by Step 파이썬 비즈니스 통계분석,김형수,프레딕스,2021년 11월,"32,000"
머신러닝 알고리듬 트레이딩,스테판 젠슨,에이콘출판사,2021년 09월,"76,500"
머신러닝 알고리즘 트레이딩,세바스티앙 도나디오,에이콘출판사,0001년 01월,"70,200"
